code,economy,year,Perceived opportunities,Perceived capabilities,Fear of failure rate *,Total early-stage Entrepreneurial Activity (TEA),Entrepreneurial Employee Activity,Innovation
374,Armenia,2019,53.89,70,48.22,20.97,0.59,
61,Australia,2019,45.74,56.04,47.37,10.52,8.28,
375,Belarus,2019,29.52,42.34,37.96,5.78,0.49,
55,Brazil,2019,46.37,61.99,35.57,23.3,0.62,
101,Canada,2019,67.08,56.8,47.17,18.16,5.4,
56,Chile,2019,47.62,75.54,58.07,36.71,3.64,
86,China,2019,74.86,67.35,44.65,8.66,0.16,
57,Colombia,2019,46.68,72.37,32.69,22.28,0.91,
385,Croatia,2019,55.66,71.19,50.66,10.47,5.93,
357,Cyprus,2019,38.52,58.16,36.4,12.17,6.21,
593,Ecuador,2019,55.85,78.28,35.11,36.2,1.29,
20,Egypt,2019,73.53,67.26,54.79,6.67,0.23,
49,Germany,2019,52.18,45.79,29.68,7.63,6.26,
30,Greece,2019,49.86,51.64,40.62,8.22,1.87,
502,Guatemala,2019,67.25,77.42,39.64,25.05,1.42,
91,India,2019,83.1,85.2,62.37,14.97,0.17,
98,Iran,2019,47.68,68.88,36.2,10.69,2.01,
353,Ireland,2019,50.22,42,31.39,12.41,7.47,
972,Israel,2019,46,43.34,55.36,12.69,5.75,
39,Italy,2019,45.14,48.09,27.64,2.79,0.72,
81,Japan,2019,10.56,13.98,43.51,5.35,1.9,
962,Jordan,2019,40.57,61.72,54.35,9.11,0.69,
371,Latvia,2019,35.55,56.97,46.59,15.43,4.33,
352,Luxembourg,2019,58.01,48.49,45.65,10.2,6.65,
261,Madagascar,2019,46.78,73.46,41.01,19.48,0.57,
52,Mexico,2019,62.81,70.68,47.74,12.98,0.15,
212,Morocco,2019,57.66,62.37,42.52,11.4,0.32,
31,Netherlands,2019,64.58,41.92,27.13,10.38,5.99,
389,North Macedonia,2019,50.49,60.87,47.22,6.18,1.63,
47,Norway,2019,69.49,31.52,30.24,8.36,2.64,
968,Oman,2019,72.31,56.32,40.78,6.94,1.17,
92,Pakistan,2019,62.3,63.02,54.16,3.65,0.51,
507,Panama,2019,53.37,72.9,40.77,22.68,0.39,
48,Poland,2019,87.28,50.41,45.86,5.39,1.68,
351,Portugal,2019,53.52,61.43,52.59,12.89,4.13,
787,Puerto Rico,2019,39.43,55.7,33.19,13.39,2.1,
974,Qatar,2019,75.59,75.47,45.17,14.69,3.6,
7,Russia,2019,29.6,35.62,45.16,9.33,0.55,
966,Saudi Arabia,2019,73.8,83,41.78,13.96,3.19,
421,Slovakia,2019,36.04,53.05,43.71,13.33,3.1,
386,Slovenia,2019,47.59,57.46,42.23,7.8,7,
27,South Africa,2019,60.41,60.35,49.79,10.77,0.37,
82,South Korea,2019,42.89,51.7,7.14,14.94,1.35,
34,Spain,2019,36.13,50.82,48.21,6.15,1.73,
46,Sweden,2019,79.79,50.69,42.92,8.25,5.24,
41,Switzerland,2019,40.66,49.15,23.87,9.77,5.35,
886,Taiwan,2019,41.16,41.97,31.03,8.38,2.3,
971,United Arab Emirates,2019,66.1,62.16,41.73,16.41,8.24,
44,United Kingdom,2019,43.84,55.18,44.49,9.34,8.08,
1,United States,2019,67.24,65.51,35.1,17.42,6.47,
244,Angola,2018,74.02,75.65,16.63,40.84,3.15,17.8
54,Argentina,2018,35.89,48.79,31.92,9.11,1.46,32.17
43,Austria,2018,46.78,48.33,36.73,10.9,6.43,37.02
55,Brazil,2018,31.43,54.27,32.61,17.88,0.66,3.71
359,Bulgaria,2018,19.25,36.88,30.98,6,0.4,14.89
101,Canada,2018,62.98,55.86,42.32,18.71,8.59,41.3
56,Chile,2018,61.78,62.52,28.58,25.06,4.21,47.58
86,China,2018,35.07,24.15,41.7,10.39,1,33.06
57,Colombia,2018,57.48,66.4,23.1,21.19,1.96,16.07
385,Croatia,2018,33.13,52.32,30.32,9.61,5.28,24.59
357,Cyprus,2018,45.89,45.89,48.45,3.86,5.35,38.63
20,Egypt,2018,39.31,42.96,28.24,9.84,2.09,27.52
33,France,2018,34.95,37.46,37.08,6.13,4.33,28.07
49,Germany,2018,42.11,38.31,35.06,4.97,5.21,30.53
30,Greece,2018,19.22,46.39,57.76,6.35,1.76,28.44
502,Guatemala,2018,54.63,65.16,30.33,27.52,1.96,39.16
91,India,2018,49.83,52.22,50.06,11.42,0.81,46.88
62,Indonesia,2018,54.93,64.01,34.12,14.09,1.32,15.36
98,Iran,2018,22.32,53.11,30.4,9.71,0.88,17.23
353,Ireland,2018,51.65,45.56,39.32,9.64,8.57,35.75
972,Israel,2018,56.23,41.48,47.47,12.7,7.21,32.9
39,Italy,2018,34.57,29.77,51.67,4.18,3.16,24.27
81,Japan,2018,8.09,10.05,46.41,5.34,2.17,27.74
961,Lebanon,2018,42.01,68.08,22.39,24.08,1.65,41.89
352,Luxembourg,2018,55,43.91,47.23,10.72,7.05,47.94
261,Madagascar,2018,30.56,51.45,36.62,20.74,0.64,13.38
212,Morocco,2018,33.58,29.54,64.15,6.65,4.83,14.88
31,Netherlands,2018,66.73,46.08,34.74,12.29,7.87,23.83
507,Panama,2018,39.04,42.13,19.38,13.83,,10.47
51,Peru,2018,55.99,71.8,30.15,22.39,1.53,21.9
48,Poland,2018,68.48,46.6,31.06,5.24,1.87,12.17
787,Puerto Rico,2018,35.21,47.54,20.74,11.61,1.85,26.06
974,Qatar,2018,54.16,52.32,32.61,8.52,6.32,26.95
7,Russia,2018,22.81,27.46,46.42,5.55,0.67,8.09
966,Saudi Arabia,2018,76.3,83.42,43.63,12.09,2.82,23.26
421,Slovakia,2018,37.41,53.29,29.38,12.12,4.37,21.96
386,Slovenia,2018,42.17,50.97,31.99,6.37,5.91,25.54
82,South Korea,2018,45.68,49.68,32.82,14.65,3.55,29.94
34,Spain,2018,29.09,48.46,36.19,6.39,1.71,22.33
249,Sudan,2018,70.98,74.52,34.49,22.17,4.29,13.37
46,Sweden,2018,81.56,38.42,37.24,6.82,6.78,33.71
41,Switzerland,2018,45.48,36.26,39.85,7.37,6.28,31.68
886,Taiwan,2018,26.74,28.18,41.41,9.48,4.18,18.76
66,Thailand,2018,50.11,50.98,58.92,19.68,2.39,17.8
90,Turkey,2018,44.31,56.84,28.1,14.24,3.16,30.8
971,United Arab Emirates,2018,66.5,53.62,24.29,10.72,6.32,28.24
44,United Kingdom,2018,44.02,46.63,37.66,8.24,7.25,21.63
1,United States,2018,69.83,55.62,35.21,15.59,7.96,33.99
598,Uruguay,2018,28.89,58.97,27.39,15.7,3.47,25.28
54,Argentina,2017,29.65,43.08,37.77,5.97,0.58,13.98
61,Australia,2017,51.39,49.3,41.37,12.21,7.81,28.51
387,Bosnia and Herzegovina,2017,13.42,35.49,27.16,3.95,0.53,10.93
55,Brazil,2017,46.42,55.89,39.82,20.3,0.74,13.91
359,Bulgaria,2017,19.46,38.36,20.89,3.7,0.5,13.39
101,Canada,2017,60.23,55.59,43.84,18.75,8.16,43.18
56,Chile,2017,55.53,61.83,29.37,23.8,4.46,54.01
86,China,2017,35.21,27.24,41.46,9.87,1.36,25.51
57,Colombia,2017,52.4,68.5,26.11,18.68,1.76,14.87
385,Croatia,2017,33.59,50.84,26.63,8.91,4.84,19.86
357,Cyprus,2017,51.01,46.35,55.88,7.33,1.83,40.92
593,Ecuador,2017,51.15,74.06,27.13,29.62,0.54,16.54
20,Egypt,2017,43.51,46.6,30.2,13.25,2.18,25.26
372,Estonia,2017,60.95,49.72,31.76,19.38,9.12,30.2
33,France,2017,34.13,36.31,39.07,3.92,3.87,48.63
49,Germany,2017,41.96,37.45,36.31,5.28,5.67,23.74
30,Greece,2017,13.74,43.4,55.45,4.82,0.88,26.42
502,Guatemala,2017,53.31,64.49,32.42,24.75,1.33,29.51
91,India,2017,44.92,42.05,39.56,9.28,0.21,25.6
62,Indonesia,2017,47.74,57.34,46.66,7.47,1.82,11.58
98,Iran,2017,33.62,53.35,39.87,13.32,1.17,16.15
353,Ireland,2017,44.5,42.21,39.24,8.93,5.5,42.73
972,Israel,2017,58.29,44.14,47.96,12.78,8.55,26.7
39,Italy,2017,28.78,30.39,49.43,4.28,2.41,28.22
81,Japan,2017,7.41,10.77,41.21,4.68,2.76,24.68
701,Kazakhstan,2017,50.42,64.68,18.37,11.32,4.08,23.54
371,Latvia,2017,36.28,49.03,42.27,14.15,4.43,28.41
961,Lebanon,2017,59.18,74.61,17.02,24.13,1.41,46.91
352,Luxembourg,2017,54.77,40.86,46.95,9.05,8,57.13
261,Madagascar,2017,24.4,55.41,42.01,21.76,0.6,20.89
60,Malaysia,2017,45.06,46.12,44.95,21.6,1.4,29.33
52,Mexico,2017,36.38,50.07,28.4,14.14,1,31.71
212,Morocco,2017,37.7,49.64,52.9,8.76,0.53,18.68
31,Netherlands,2017,64.09,44.61,29.67,9.92,7.61,22.52
507,Panama,2017,48.86,57.59,24.02,16.18,0.15,8.51
51,Peru,2017,55.77,67.55,30.72,24.6,0.85,17.8
48,Poland,2017,68.83,52.36,34.35,8.85,3.2,12.08
787,Puerto Rico,2017,27.97,46.65,28.6,10.63,2.55,25.17
974,Qatar,2017,45.59,41.07,41.86,7.43,2.5,37.94
966,Saudi Arabia,2017,79.47,71.82,34.35,11.45,2.39,27.6
421,Slovakia,2017,25.82,48.45,32.83,11.8,2.6,29.24
386,Slovenia,2017,34.6,53.31,31.79,6.85,5.96,34.24
27,South Africa,2017,43.17,39.93,31.31,10.96,0.45,29.66
82,South Korea,2017,35.3,45.68,32.16,12.98,1.91,26.35
34,Spain,2017,31.86,44.8,39.16,6.19,1.35,25.01
46,Sweden,2017,79.49,34.5,36.7,7.29,6.2,29.05
41,Switzerland,2017,47.16,42.09,29.45,8.47,4.76,24.93
886,Taiwan,2017,26.57,25.89,39.16,8.56,8.08,20.19
66,Thailand,2017,49.13,48.86,52.69,21.62,4.49,29.29
971,United Arab Emirates,2017,35.45,64.79,61.08,8.97,1.68,18.67
44,United Kingdom,2017,42.98,48.21,35.85,8.4,7.98,27.06
1,United States,2017,63.59,54.31,33.36,13.64,7.59,35.93
598,Uruguay,2017,36.86,57.52,31.04,14.74,3.47,26.25
84,Vietnam,2017,46.41,53.03,46.63,23.27,0.6,13.86
54,Argentina,2016,44.29,61.16,25.77,14.51,3.1,24.9
61,Australia,2016,49.28,52.34,42.87,14.56,9,35.9
43,Austria,2016,42.24,49.6,37.05,9.63,7.3,35
501,Belize,2016,71.77,84.65,26.07,28.83,8,48.2
55,Brazil,2016,40.23,53.57,36.14,19.56,1.5,12.4
359,Bulgaria,2016,21.04,39.67,25.06,4.84,0.9,17.5
226,Burkina Faso,2016,61.88,76.72,17.88,33.53,0.6,22.5
237,Cameroon,2016,63.8,75.76,23.02,27.56,1.2,15.9
101,Canada,2016,58.97,54.07,39.01,16.72,5.9,40.9
56,Chile,2016,50.38,61.21,26.06,24.18,5.4,57
86,China,2016,37.33,29.82,49.08,10.29,1.2,28.8
57,Colombia,2016,51.4,67.92,20.95,27.35,1.2,16.5
385,Croatia,2016,24.55,50.15,35.79,8.41,5.3,23.3
357,Cyprus,2016,35.87,52.38,50.17,11.96,5.6,36.7
593,Ecuador,2016,45.47,71.33,25.85,31.83,0.7,16.4
20,Egypt,2016,53.5,46.41,27.63,14.3,2,22.9
503,El Salvador,2016,38.92,70.57,30.76,14.26,1,14.9
372,Estonia,2016,52.29,43.65,41.15,16.16,6.3,34.5
358,Finland,2016,49.11,35.82,37.55,6.71,5.6,29.4
33,France,2016,28.58,36.32,40.26,5.32,3.6,33.9
995,Georgia,2016,29.51,41.63,26.54,8.58,0.5,20.1
49,Germany,2016,37.56,37.41,41.04,4.56,5.1,24.7
30,Greece,2016,12.95,41.71,52.74,5.7,1.4,24.8
502,Guatemala,2016,48.23,61.56,34.11,20.07,1.7,39.1
852,Hong Kong,2016,56.76,32.38,37.3,9.44,4.1,27
36,Hungary,2016,30.11,38.4,43.17,7.94,3,20.4
91,India,2016,44.34,43.99,37.53,10.59,2.5,28
62,Indonesia,2016,43.14,55.07,38.84,14.08,0.7,17.7
98,Iran,2016,34.44,59.29,43.77,12.79,1.2,17.5
353,Ireland,2016,45.23,44.88,39.62,10.88,6.2,40
972,Israel,2016,53.69,41.1,48.65,11.31,7.3,30.4
39,Italy,2016,28.62,31.18,49.36,4.42,2.1,26.9
876,Jamaica,2016,64.38,83.54,24.53,9.85,0.7,20.1
962,Jordan,2016,30.52,48.36,44.34,8.2,1.5,23.9
701,Kazakhstan,2016,44.16,50.01,30.51,10.15,0.7,19.6
371,Latvia,2016,31.9,49.89,41.11,14.19,4.5,29.4
961,Lebanon,2016,59.64,68.05,22.45,21.15,2.6,58.7
352,Luxembourg,2016,49.79,40.83,45.77,9.19,7.2,44.5
60,Malaysia,2016,25.43,28.34,36.68,4.7,0.3,3.5
212,Morocco,2016,44.98,56.06,32.85,5.56,0.5,14.5
31,Netherlands,2016,54.25,41.18,37.93,11,7.6,29.5
389,North Macedonia,2016,38.36,54.5,34.44,6.53,1.4,15.5
507,Panama,2016,42.44,47.96,27.42,13.2,0.2,23.7
51,Peru,2016,56.56,68.99,30.51,25.14,0.8,14.9
48,Poland,2016,39.48,60.22,47.55,10.66,5.2,27.7
351,Portugal,2016,29.53,42.35,38.12,8.15,2.4,21
787,Puerto Rico,2016,25.15,47.94,20.07,10.32,1.8,19.9
974,Qatar,2016,48.37,50.59,35.37,7.85,6.4,22.8
7,Russia,2016,17.88,28.42,44.8,6.27,0.7,5.4
966,Saudi Arabia,2016,81.53,70.68,39.43,11.44,4.7,12.9
421,Slovakia,2016,23.03,44.03,39.66,9.45,2.2,25.9
386,Slovenia,2016,25.34,51.8,33.78,8.02,4.7,33.2
27,South Africa,2016,35.03,37.87,31.18,6.91,0.7,22
82,South Korea,2016,35.32,45.09,31.54,6.69,2.3,32.8
34,Spain,2016,25.56,46.69,38.91,5.23,2.7,23.7
46,Sweden,2016,78.5,35.51,40.77,7.58,6.1,33.6
41,Switzerland,2016,41.42,43.26,31.2,8.21,6.1,37.5
886,Taiwan,2016,26.46,25.24,41.02,8.24,5.7,17.6
66,Thailand,2016,37.67,43.51,52.1,17.24,1,17.1
90,Turkey,2016,49.57,54.19,30.88,16.14,3.6,30.8
971,United Arab Emirates,2016,25.83,55.23,54.38,5.66,2.2,26.5
44,United Kingdom,2016,42.3,47.96,35.23,8.8,7,33
1,United States,2016,57.27,55.05,33.33,12.63,7,37.1
598,Uruguay,2016,28.57,55.6,29.7,14.11,2.6,26.2
54,Argentina,2015,45.88,61.62,25.8,17.74,2.38,22.18
61,Australia,2015,48.87,48.21,41.67,12.79,8.52,31.67
246,Barbados,2015,54.97,75.03,14.74,21.05,1.07,13.68
32,Belgium,2015,40.26,31.89,48.48,6.24,6.13,39.72
267,Botswana,2015,57.81,74.11,18.86,33.23,1.56,20.27
55,Brazil,2015,42.38,58.27,44.74,20.98,0.99,19.69
359,Bulgaria,2015,15.84,35.17,33.28,3.46,0.35,8.62
226,Burkina Faso,2015,58.1,78.05,17.89,29.75,0.58,11.63
237,Cameroon,2015,60.75,73.09,23.9,25.37,0.67,14.8
101,Canada,2015,53.19,50.49,39.47,14.72,7.06,36.13
56,Chile,2015,57.35,65.72,28.06,25.93,5.23,54.4
86,China,2015,31.71,27.42,39.96,12.84,1.36,25.82
57,Colombia,2015,58.26,59.47,33.2,22.67,2.31,29.7
385,Croatia,2015,22.3,47.52,34.42,7.69,4.86,16.95
593,Ecuador,2015,52.71,72.25,28.62,33.56,0.88,27.78
20,Egypt,2015,46.07,41.52,29.5,7.39,1.33,22.28
372,Estonia,2015,51.43,44.02,39.3,13.14,6.29,39.54
358,Finland,2015,48.62,37.39,32.62,6.59,5.83,19.69
49,Germany,2015,38.27,36.19,42.29,4.7,4.51,34.24
30,Greece,2015,14.19,46.78,46.86,6.75,1.03,23.96
502,Guatemala,2015,47.89,59.98,31.02,17.71,1.24,37.07
36,Hungary,2015,25.34,38.67,41.82,7.92,2.12,18.62
91,India,2015,37.79,37.84,44.01,10.83,0.31,51.08
62,Indonesia,2015,49.91,65.29,39.49,17.67,0.21,17.27
98,Iran,2015,40.31,61.99,38.1,12.93,0.95,12.1
353,Ireland,2015,39.35,45.02,40.87,9.33,6.6,44.79
972,Israel,2015,55.5,41.56,47.76,11.82,6.55,30.78
39,Italy,2015,25.66,30.54,57.46,4.87,1.38,27.98
701,Kazakhstan,2015,48.72,52.06,75.42,11,0.95,18.35
371,Latvia,2015,34.73,49.08,38.6,14.11,3.34,26.32
961,Lebanon,2015,45.67,69.83,17.41,30.15,3.26,38.36
352,Luxembourg,2015,48.18,43.96,42.58,10.19,6.43,48.47
60,Malaysia,2015,28.24,27.83,27.13,2.93,0.27,10.4
52,Mexico,2015,44.73,45.81,36.44,21.01,1.17,18.31
212,Morocco,2015,34.25,47.56,41.08,4.44,0.37,12.58
31,Netherlands,2015,48.36,40.55,33.17,7.21,6.27,26.39
389,North Macedonia,2015,37.77,54.44,34.33,6.11,2.28,17.03
47,Norway,2015,68.93,30.76,33.41,5.66,9.89,13.97
507,Panama,2015,46.51,49.42,23.07,12.8,0.5,28.13
51,Peru,2015,51.36,65.31,25.53,22.22,0.73,15.86
63,Philippines,2015,53.77,68.99,36.45,17.16,2.35,31.84
48,Poland,2015,32.89,55.92,47.8,9.21,4.04,22.44
351,Portugal,2015,28.07,48.85,40.8,9.49,3.96,27.21
787,Puerto Rico,2015,25.05,50.37,17.73,8.48,0.61,24.29
40,Romania,2015,33.31,46.33,40.49,10.83,4.61,30
221,Senegal,2015,69.91,89.05,15.91,38.55,2.27,8.21
421,Slovakia,2015,26.44,52.38,33.65,9.64,3.64,20.73
386,Slovenia,2015,20.54,48.61,32.39,5.91,5.59,30.71
27,South Africa,2015,40.91,45.44,30.32,9.19,0.3,30.13
82,South Korea,2015,14.39,27.41,38.11,9.25,2.4,31.34
34,Spain,2015,25.97,45.26,39.15,5.7,1.09,23.91
46,Sweden,2015,70.22,36.7,36.45,7.16,6.36,32.74
41,Switzerland,2015,41.79,44,33.8,7.31,6.49,38.47
886,Taiwan,2015,30.22,25.43,43.79,7.3,4.07,16.65
66,Thailand,2015,41,46.22,46.62,13.74,0.72,19.02
216,Tunisia,2015,48.79,59.93,40.25,10.13,1.87,32.17
44,United Kingdom,2015,41.55,43.57,34.93,6.93,4.08,36.01
1,United States,2015,46.63,55.71,29.36,11.88,6.96,36.01
598,Uruguay,2015,39.18,61.04,24.43,14.28,4.2,27.02
84,Vietnam,2015,56.8,56.83,45.57,13.65,0.55,16.48
244,Angola,2014,69.75,61.68,44.81,21.5,2.89,18.91
54,Argentina,2014,31.91,57.78,23.54,14.41,2.43,24.62
61,Australia,2014,45.72,46.8,39.21,13.14,8.37,30.81
43,Austria,2014,44.4,48.67,34.92,8.71,5.62,35.31
246,Barbados,2014,38.16,63.51,23.44,12.71,0.81,25.69
32,Belgium,2014,35.93,30.4,49.35,5.4,5.42,30.94
501,Belize,2014,49.55,69,32.63,7.14,4.6,23.46
591,Bolivia,2014,57.67,73.11,38.39,27.4,0.56,27.88
387,Bosnia and Herzegovina,2014,19.59,47.3,26.8,7.42,1.93,17.1
267,Botswana,2014,57.16,67.14,13.7,32.79,2.69,29.88
55,Brazil,2014,55.54,49.96,35.56,17.23,1.04,12.65
226,Burkina Faso,2014,63.61,65.89,23.75,21.71,0.26,14.03
237,Cameroon,2014,69.34,73.77,22.8,37.37,1.92,13.97
101,Canada,2014,55.52,48.98,36.52,13.04,4.76,35.14
56,Chile,2014,67,64.87,28.39,26.83,5.13,55.16
86,China,2014,31.88,32.97,39.5,15.53,0.46,19.63
57,Colombia,2014,65.74,57.41,30.7,18.55,3.7,36.12
506,Costa Rica,2014,39,59.39,36.83,11.33,0.53,23.18
385,Croatia,2014,18.43,45.91,30.3,7.97,3.62,20.14
45,Denmark,2014,59.66,34.88,40.99,5.47,11.43,46.34
593,Ecuador,2014,62.02,72.81,30.67,32.61,0.33,23.75
503,El Salvador,2014,44.69,70.81,34.9,19.48,0.31,8.69
372,Estonia,2014,49.44,42.47,41.77,9.43,3.59,34.9
358,Finland,2014,42.38,34.88,36.76,5.63,4.46,23.08
33,France,2014,28.26,35.44,41.18,5.34,3.81,40.13
995,Georgia,2014,36.58,37.54,34.78,7.22,0.37,21.58
49,Germany,2014,37.59,36.4,39.95,5.27,4.45,24
30,Greece,2014,19.91,45.54,61.58,7.85,0.77,23.91
502,Guatemala,2014,45.38,64.17,33.03,20.39,0.46,29.61
36,Hungary,2014,23.4,40.94,41.96,9.33,2.8,23.35
91,India,2014,38.91,36.7,37.67,6.6,0.1,43.52
62,Indonesia,2014,45.46,60.2,38.12,14.2,0.48,21.04
98,Iran,2014,27.68,59.45,32.7,16.02,1.39,11.19
353,Ireland,2014,33.36,47.24,39.33,6.53,6.67,36.86
39,Italy,2014,26.57,31.31,49.1,4.42,0.76,21.21
876,Jamaica,2014,57.05,81.23,22.04,19.27,0.42,13.9
81,Japan,2014,7.27,12.23,54.51,3.83,1.1,25.27
701,Kazakhstan,2014,26.5,52.54,23.83,13.72,1.05,22.22
383,Kosovo,2014,65.62,65.2,26.73,4.03,0.16,28.55
370,Lithuania,2014,31.66,33.44,44.77,11.32,5.08,29.55
352,Luxembourg,2014,42.54,37.56,42.01,7.14,7.26,53.36
60,Malaysia,2014,43.4,38.4,26.75,5.91,,20.22
52,Mexico,2014,48.87,53.48,29.61,18.99,0.72,18.15
31,Netherlands,2014,45.55,44.26,34.79,9.46,6.99,26.37
47,Norway,2014,63.45,30.54,37.56,5.65,7.9,18.58
507,Panama,2014,43.26,54.38,14.63,17.06,0.2,8.19
51,Peru,2014,62.31,69.42,29.11,28.81,1.67,14.49
63,Philippines,2014,45.89,66.15,37.68,18.38,0.63,27.18
48,Poland,2014,31.35,54.3,51.11,9.21,3.37,32.01
351,Portugal,2014,22.87,46.59,38.38,9.97,3.24,26.93
787,Puerto Rico,2014,25.08,48.84,24.01,10.04,1.8,40.07
974,Qatar,2014,63.38,60.94,25.54,16.38,11.47,28.58
40,Romania,2014,32.41,48.44,41.25,11.35,4.94,16.67
7,Russia,2014,26.5,27.83,39.49,4.69,0.51,14.54
65,Singapore,2014,16.71,21.35,39.4,10.96,4.84,20.47
421,Slovakia,2014,23.5,54.4,35.96,10.9,4.85,33.95
386,Slovenia,2014,17.25,48.6,29,6.33,4.73,39.51
27,South Africa,2014,37,37.65,25.37,6.97,0.26,32.46
34,Spain,2014,22.61,48.13,38.03,5.47,1.83,26.88
597,Suriname,2014,41.03,77.36,16.1,2.1,0.44,5.08
46,Sweden,2014,70.07,36.65,36.53,6.71,5.78,36.62
41,Switzerland,2014,43.67,41.59,28.98,7.12,6.07,27.12
886,Taiwan,2014,33.47,29,37.39,8.49,7.6,26.99
66,Thailand,2014,47.35,50.12,42.44,23.3,2.05,24.51
868,Trinidad and Tobago,2014,58.62,75.23,16.79,14.62,1.58,15.96
256,Uganda,2014,76.91,84.86,12.55,35.53,2.32,7.56
44,United Kingdom,2014,40.99,46.44,36.84,10.66,7,21.45
1,United States,2014,50.85,53.34,29.66,13.81,6.46,36.71
598,Uruguay,2014,45.56,63.12,26.71,16.08,3.82,34.3
84,Vietnam,2014,39.36,58.2,50.13,15.3,0.3,14.38
213,Algeria,2013,61.86,55.51,32.95,4.89,0.64,11.48
244,Angola,2013,56.67,56.32,63.66,22.23,,12.25
54,Argentina,2013,40.87,61.75,24.92,15.93,,15.55
246,Barbados,2013,45.69,74.5,17.34,21.67,,18.89
32,Belgium,2013,31.5,33.85,46.55,4.92,,27.35
387,Bosnia and Herzegovina,2013,23.26,50.5,26.08,10.34,4,22.73
267,Botswana,2013,65.9,67.44,18.6,20.85,0.87,20.31
55,Brazil,2013,50.93,52.62,38.72,17.31,,0.76
101,Canada,2013,57.35,48.45,35.22,12.19,,32.39
56,Chile,2013,68.4,59.63,28.01,24.33,3.57,52.06
86,China,2013,33.07,36.29,34.3,14.02,0.6,21.7
57,Colombia,2013,67.7,57.84,31.75,23.71,,49.47
385,Croatia,2013,17.58,47.18,35.18,8.27,,22.01
420,Czech Republic,2013,23.08,42.59,35.75,7.33,,27.51
593,Ecuador,2013,57.29,74.27,34.91,35.97,1.87,34.56
372,Estonia,2013,46.07,39.96,38.83,13.11,,34.75
358,Finland,2013,43.8,33.26,36.73,5.29,5.74,21.59
33,France,2013,22.87,33.15,41.13,4.57,,27.58
49,Germany,2013,31.3,37.72,38.58,4.98,,26.02
233,Ghana,2013,69.27,85.77,24.64,25.82,,14.73
30,Greece,2013,13.54,45.99,49.33,5.51,,28.74
502,Guatemala,2013,58.78,66.45,33.32,12.28,,34.37
36,Hungary,2013,18.87,37.5,44.82,9.68,3.62,15.81
91,India,2013,41.43,55.78,38.91,9.88,,20.94
62,Indonesia,2013,46.68,62.01,35.19,25.52,,11.75
98,Iran,2013,36.99,56.52,36.42,12.32,2.49,13.9
353,Ireland,2013,28.28,43.14,40.43,9.25,,32.65
972,Israel,2013,46.5,36.17,51.76,10.04,,34.13
39,Italy,2013,17.34,29.11,48.59,3.43,,19
876,Jamaica,2013,51.23,79.14,27.05,13.75,,16.28
81,Japan,2013,7.65,12.86,49.35,3.72,,22.37
371,Latvia,2013,34.8,47.85,41.62,13.25,,31.53
218,Libya,2013,52.26,58.63,33.05,11.15,,26.14
370,Lithuania,2013,28.72,35.38,41.65,12.43,6.79,25.26
352,Luxembourg,2013,45.57,43.28,42.91,8.69,,47.87
265,Malawi,2013,78.9,89.48,15.14,28.11,,28.21
60,Malaysia,2013,40.72,27.98,33.31,6.6,0.51,16.9
52,Mexico,2013,53.6,58.52,31.65,14.83,,20.48
264,Namibia,2013,68.31,73.95,32.08,33.34,1.59,40.08
31,Netherlands,2013,32.66,42.38,36.81,9.27,,28.87
234,Nigeria,2013,84.66,87.04,16.33,39.86,0.46,18.3
389,North Macedonia,2013,37.15,49.69,35.57,6.63,,13.82
47,Norway,2013,63.67,34.18,35.25,6.25,,15.2
507,Panama,2013,58.73,66.39,28.91,20.64,,12.23
51,Peru,2013,60.96,62.2,25.68,23.38,0.85,12.01
63,Philippines,2013,47.94,68.4,36.19,18.52,0.4,24.76
48,Poland,2013,26.06,51.77,46.72,9.28,4.28,26.65
351,Portugal,2013,20.24,48.75,40.09,8.25,,34.31
787,Puerto Rico,2013,28.34,53.03,24.63,8.28,2.5,16.54
40,Romania,2013,28.86,45.87,37.26,10.13,5.05,21.46
7,Russia,2013,18.19,28.15,29.04,5.75,,12.87
65,Singapore,2013,22.24,24.76,39.78,10.68,,20.95
421,Slovakia,2013,16.1,51.01,33.17,9.52,4.36,23.12
386,Slovenia,2013,16.06,51.48,29.61,6.45,6.1,36.3
27,South Africa,2013,37.85,42.68,27.33,10.59,0.78,49.15
82,South Korea,2013,12.73,28.1,42.29,6.85,3.97,18.27
34,Spain,2013,16.01,48.39,36.3,5.21,,22.86
597,Suriname,2013,52.72,53.51,24.36,5.13,,17.93
46,Sweden,2013,64.45,38.8,36.59,8.25,,28.89
41,Switzerland,2013,41.52,44.72,28.24,8.18,,27.57
886,Taiwan,2013,42.03,27.22,40.69,8.16,,23.07
66,Thailand,2013,45.34,44.38,49.32,17.66,1.66,20.07
868,Trinidad and Tobago,2013,58.01,75.26,19.75,19.48,,11.19
90,Turkey,2013,38.63,52.24,30.39,9.95,,31.6
256,Uganda,2013,81.1,83.84,15.03,25.21,,9.86
44,United Kingdom,2013,35.54,43.85,36.4,7.14,8.52,27.94
1,United States,2013,47.16,55.74,31.11,12.73,,34.24
598,Uruguay,2013,47.9,61.14,26.85,14.08,6.65,33.32
84,Vietnam,2013,36.81,48.65,56.74,15.35,2.7,16.94
260,Zambia,2013,76.8,79.65,15.4,39.91,,7.86
213,Algeria,2012,45.67,54.1,35.44,8.75,0.58,20.16
244,Angola,2012,66.17,72.05,37.94,32.39,,21.49
54,Argentina,2012,50.08,63.46,27.02,18.88,,29.35
43,Austria,2012,49.21,49.61,35.96,9.58,,33.55
246,Barbados,2012,47.01,69.86,17.27,17.12,,13.37
32,Belgium,2012,33.29,37.11,40.83,5.2,7.26,36.83
387,Bosnia and Herzegovina,2012,19.57,49.11,26.94,7.78,4.2,13.25
267,Botswana,2012,66.7,70.59,24.79,27.66,2.06,22.72
55,Brazil,2012,52.4,53.94,31.05,15.44,,1.2
56,Chile,2012,64.91,59.91,27.99,22.58,4.79,56.23
86,China,2012,32.24,37.6,35.82,12.83,0.59,21.06
57,Colombia,2012,71.8,56.57,32.04,20.11,,41.63
506,Costa Rica,2012,47.14,63.26,35.26,15.04,1.91,13.68
385,Croatia,2012,17.15,44.06,36.04,8.27,4.44,22.58
45,Denmark,2012,44.41,31.02,39.26,5.36,12.62,44.41
593,Ecuador,2012,58.55,72.1,32.85,26.61,0.9,40.15
20,Egypt,2012,53.72,58.66,32.96,7.82,1.04,12.27
503,El Salvador,2012,42.74,58.51,41.72,15.26,,29.45
372,Estonia,2012,45.24,43.19,34.49,14.26,7.3,37.66
251,Ethiopia,2012,64.89,69.1,32.66,14.73,0.57,13.72
358,Finland,2012,55.33,34.32,36.52,5.98,,28.49
33,France,2012,37.52,35.66,42.84,5.17,,44.9
49,Germany,2012,36.16,37.09,41.91,5.34,,31.77
233,Ghana,2012,79.29,86.26,18.23,36.52,,10.2
30,Greece,2012,12.95,50,61.29,6.51,1.64,23.33
36,Hungary,2012,10.95,39.83,34.28,9.22,2.14,20.76
98,Iran,2012,39.17,54.15,41.42,10.79,0.74,7.95
353,Ireland,2012,25.55,45.16,35.37,6.15,,37.33
972,Israel,2012,30.62,29.31,46.76,6.53,4.24,29.15
39,Italy,2012,19.8,29.97,57.68,4.32,,29.34
81,Japan,2012,6.37,9,53.13,3.99,,21.73
371,Latvia,2012,33.05,43.56,36.74,13.39,,34.59
370,Lithuania,2012,29.99,39.83,35.78,6.69,5.79,20.9
265,Malawi,2012,74.29,84.53,12.37,35.56,,36.61
60,Malaysia,2012,35.69,30.82,36.34,6.99,0.9,17.13
52,Mexico,2012,44.99,62.34,25.66,12.11,1.23,21.62
264,Namibia,2012,75.22,74,35.15,18.15,2.06,33.31
31,Netherlands,2012,34.4,42.3,30.45,10.31,,27.51
234,Nigeria,2012,82.19,87.93,20.96,35.04,0.99,19.86
389,North Macedonia,2012,30.79,55.11,39.43,6.97,,20.52
47,Norway,2012,64.43,34.37,39.37,6.75,,22.96
92,Pakistan,2012,46.48,48.74,31.24,11.57,0.17,28.49
970,Palestine,2012,46.14,59.37,40.19,9.84,2.46,21.48
507,Panama,2012,38.48,43.34,16.67,9.46,,18.13
51,Peru,2012,56.99,65.47,30.36,20.21,1.72,18.36
48,Poland,2012,20.42,53.89,43.45,9.36,,32.15
351,Portugal,2012,16.19,46.8,42.3,7.67,,31.57
40,Romania,2012,36.73,38.34,40.87,9.22,3.5,30.66
7,Russia,2012,20.08,23.5,46.51,4.34,,14.44
65,Singapore,2012,22.51,26.58,41.63,11.56,,21.79
421,Slovakia,2012,17.84,49.73,38.32,10.22,4.6,27.29
386,Slovenia,2012,19.62,51.32,27.28,5.42,5.88,37.75
27,South Africa,2012,35.47,39.5,30.56,7.32,0.4,42.92
82,South Korea,2012,12.52,26.93,43.01,6.64,2.07,26.53
34,Spain,2012,13.9,50.38,41.76,5.7,,30.58
46,Sweden,2012,66.48,36.99,32.61,6.44,,21.15
41,Switzerland,2012,35.67,37.34,32.29,5.93,,31.89
886,Taiwan,2012,38.55,26.38,37.6,7.54,,18.85
66,Thailand,2012,44.61,45.97,50.06,18.94,1.11,19.57
868,Trinidad and Tobago,2012,59.23,76.06,16.65,14.96,,14.74
216,Tunisia,2012,32.55,62.18,14.88,4.78,0.36,25.56
90,Turkey,2012,39.88,49.44,30.39,12.22,0.97,24.89
256,Uganda,2012,80.69,87.69,15.25,35.76,,9.53
44,United Kingdom,2012,32.82,47.13,36.01,8.98,10.08,30.54
1,United States,2012,43.49,55.88,32.32,12.84,,34.1
598,Uruguay,2012,51.03,57.81,27.18,14.63,5.02,24.65
260,Zambia,2012,77.87,83.75,16.68,41.46,,14.9
213,Algeria,2011,54.26,59.6,43.11,9.26,0.82,20.63
54,Argentina,2011,56.03,63.76,27.86,20.78,3.21,32.46
61,Australia,2011,47.83,47.42,43.22,10.5,6.16,32.89
880,Bangladesh,2011,64.43,23.63,72.01,12.77,,6.78
246,Barbados,2011,43.63,66.41,19.95,8,0.74,21.04
32,Belgium,2011,42.97,43.99,40.73,5.69,9.37,18.19
387,Bosnia and Herzegovina,2011,20.53,48.86,30.47,8.1,3.12,12.81
55,Brazil,2011,43.06,52.78,31.43,14.89,1.02,6.88
56,Chile,2011,56.56,62.06,27.04,23.69,3.46,57.35
86,China,2011,48.84,43.9,35.64,24.01,2.09,14.06
57,Colombia,2011,73.06,61.32,29.41,21.44,1.67,38.4
385,Croatia,2011,18.25,48.97,34.26,7.32,4.44,27.05
420,Czech Republic,2011,23.9,39.22,34.62,7.64,3.81,32.75
45,Denmark,2011,46.64,34.97,40.52,4.63,15.09,54.13
358,Finland,2011,60.82,37.26,31.96,6.25,9.42,27.09
33,France,2011,34.92,38.43,37.13,5.73,4.74,36.88
49,Germany,2011,35.17,37.14,41.99,5.62,4.79,25.28
30,Greece,2011,10.87,49.69,37.76,7.95,1.61,28.28
502,Guatemala,2011,55.09,71.01,24.55,19.31,,34.99
36,Hungary,2011,14.22,39.98,34.93,6.29,3.91,31.96
98,Iran,2011,32.01,46.39,32.7,14.54,0.36,9.3
353,Ireland,2011,25.57,45.5,33.22,7.25,5.91,35.57
876,Jamaica,2011,49.14,78.6,29.04,13.71,0.19,16.9
81,Japan,2011,6.35,13.73,42.25,5.22,3.35,14.06
371,Latvia,2011,23.65,46.53,41,11.85,3.02,33.27
370,Lithuania,2011,23.2,35.4,39.92,11.26,4.87,24.67
60,Malaysia,2011,36.5,31.06,30.04,4.92,0.41,16.39
52,Mexico,2011,43.46,60.64,26.57,9.62,0.94,22.4
31,Netherlands,2011,47.78,41.87,35.08,8.21,7.84,31.22
234,Nigeria,2011,85.54,83.68,30.97,34.99,3.16,18.37
47,Norway,2011,67.07,33.24,40.53,6.94,,24.46
92,Pakistan,2011,39.69,42.61,35.27,9.07,0.19,22.12
507,Panama,2011,46.1,63.66,14,20.78,0.15,34.54
51,Peru,2011,70.33,72.85,41.02,22.89,1.36,44.88
48,Poland,2011,33.1,51.99,42.93,9.03,2.83,33.22
351,Portugal,2011,16.74,46.67,39.63,7.54,4.03,24.56
40,Romania,2011,36.06,41.63,36.12,9.89,3.89,30.02
7,Russia,2011,27.06,33.2,43.44,4.57,0.6,17.5
65,Singapore,2011,21.44,24.1,39.18,6.6,3.31,17.37
421,Slovakia,2011,23.08,52.92,31.83,14.2,3.43,21.22
386,Slovenia,2011,18.37,50.79,31.1,3.65,5.11,33.26
27,South Africa,2011,40.73,42.83,24.45,9.14,0.41,36.28
82,South Korea,2011,11.24,26.72,45.08,7.82,2.63,15.9
34,Spain,2011,14.41,50.86,38.91,5.81,2.72,25.99
46,Sweden,2011,71.49,40.32,34.57,5.8,16.18,29.12
41,Switzerland,2011,47.4,42.45,30.57,6.58,4.61,38.75
886,Taiwan,2011,38.92,28.61,39.65,7.91,2.02,23.09
66,Thailand,2011,40.14,42.68,55.14,19.51,1.38,22.94
868,Trinidad and Tobago,2011,62.14,81.21,16.71,22.67,1.15,8.2
90,Turkey,2011,32.36,42.08,22.49,11.87,0.7,27.98
971,United Arab Emirates,2011,43.72,62.07,50.84,6.19,3.59,26.37
44,United Kingdom,2011,33.3,42.47,36.05,7.29,5.25,45.85
1,United States,2011,36.25,55.69,31.19,12.34,6.56,33.52
598,Uruguay,2011,53.65,61.06,34.44,16.72,5.2,17.22
582,Venezuela,2011,48.45,66.86,24.15,15.43,0.63,13.44
244,Angola,2010,67.31,73.11,32.21,31.94,,
54,Argentina,2010,50.35,63.54,21.33,14.2,,
61,Australia,2010,45.69,53.16,35.85,7.8,,
32,Belgium,2010,39.58,44.86,35.06,3.67,,
591,Bolivia,2010,53.24,75.84,28.35,38.6,,
387,Bosnia and Herzegovina,2010,38.25,62.55,27.45,7.74,,
55,Brazil,2010,48.12,57.94,33.25,17.5,,
56,Chile,2010,65.05,65.6,22.12,16.77,,
86,China,2010,36.17,42.33,32.01,14.37,,
57,Colombia,2010,68.18,65.1,27.67,20.61,,
506,Costa Rica,2010,46.38,68.8,36,13.44,,
385,Croatia,2010,23.32,53.19,31.18,5.52,,
45,Denmark,2010,46.42,40.75,31.51,3.77,,
593,Ecuador,2010,50.27,76.59,31.15,21.25,,
20,Egypt,2010,38.79,63.35,25.27,7.02,,
358,Finland,2010,51.13,39.53,28.61,5.72,,
33,France,2010,33.87,37.27,40.48,5.83,,
49,Germany,2010,28.48,41.63,33.69,4.17,,
233,Ghana,2010,75.72,74.65,10.43,33.95,,
30,Greece,2010,15.91,52.18,50.86,5.51,,
502,Guatemala,2010,62.93,71,23.22,16.3,,
36,Hungary,2010,33.33,43.36,42.41,7.13,,
354,Iceland,2010,48.74,48.99,33.69,10.58,,
98,Iran,2010,41.59,65.72,30.07,12.31,,
353,Ireland,2010,22.5,49.15,33.36,6.76,,
972,Israel,2010,33.88,39.94,46.71,5.02,,
39,Italy,2010,24.68,42.42,36.8,2.35,,
876,Jamaica,2010,56.09,80.16,32.98,10.48,,
81,Japan,2010,5.92,13.71,32.65,3.3,,
371,Latvia,2010,29.1,50.75,39.87,9.68,,
60,Malaysia,2010,40.06,24.33,45.28,4.96,,
52,Mexico,2010,55.56,64.65,33.36,10.45,,
382,Montenegro,2010,36.07,70.88,30.42,14.94,,
31,Netherlands,2010,44.8,45.51,23.76,7.22,,
389,North Macedonia,2010,34.26,59.72,30.91,7.88,,
47,Norway,2010,49.75,40.45,26.62,7.72,,
92,Pakistan,2010,51.95,56.17,34.31,9.08,,
970,Palestine,2010,43.99,57.01,40.05,10.37,,
51,Peru,2010,71.39,76.48,34.02,27.24,,
351,Portugal,2010,20.25,52.08,29.71,4.4,,
40,Romania,2010,17.52,38.18,41.12,4.29,,
7,Russia,2010,21.65,22.69,41.69,3.94,,
966,Saudi Arabia,2010,75.84,69.31,38.95,9.4,,
386,Slovenia,2010,26.8,56.34,27.55,4.65,,
27,South Africa,2010,40.91,44.3,29.03,8.86,,
82,South Korea,2010,13.01,28.96,32.47,6.56,,
34,Spain,2010,18.84,50.2,36.35,4.31,,
46,Sweden,2010,66.1,42.43,28.9,4.88,,
41,Switzerland,2010,33.33,43.85,27.04,5.04,,
886,Taiwan,2010,29.63,26.42,43.82,8.37,,
868,Trinidad and Tobago,2010,69.11,82.76,11.59,15,,
216,Tunisia,2010,37.58,53.11,23.18,6.12,,
90,Turkey,2010,36.14,54.18,24.97,8.59,,
256,Uganda,2010,80.54,86.69,20.65,31.29,,
44,United Kingdom,2010,29.24,51.82,30.34,6.42,,
1,United States,2010,34.79,59.52,28.49,7.59,,
598,Uruguay,2010,52.05,73.3,27.69,11.68,,
678,Vanuatu,2010,73.58,79.56,46.95,52.11,,
260,Zambia,2010,81.36,77.51,12.75,32.63,,
213,Algeria,2009,48.42,52.06,30.89,16.68,,
54,Argentina,2009,43.97,65.11,36.62,14.68,,
32,Belgium,2009,14.54,36.65,27.66,3.51,,
387,Bosnia and Herzegovina,2009,34.98,56.97,32.11,4.43,,
55,Brazil,2009,46.98,52.85,30.71,15.32,,
56,Chile,2009,52.11,65.29,23.19,14.79,,
86,China,2009,25.32,35.23,32.07,18.84,,
57,Colombia,2009,50.32,64.81,29.74,22.57,,
385,Croatia,2009,37,59.1,35.13,5.58,,
45,Denmark,2009,33.85,35.35,37.15,3.64,,
809,Dominican Republic,2009,49.51,78.17,27.06,17.53,,
593,Ecuador,2009,44.24,72.95,34.54,15.82,,
358,Finland,2009,39.66,35.07,25.94,5.17,,
33,France,2009,24.12,27.11,46.61,4.35,,
49,Germany,2009,22.18,39.74,37.19,4.1,,
30,Greece,2009,26.48,58.06,44.58,8.79,,
502,Guatemala,2009,54.9,61.32,32.63,19.2,,
852,Hong Kong,2009,14.4,18.87,36.73,3.64,,
36,Hungary,2009,2.85,40.86,33.26,9.13,,
354,Iceland,2009,44.39,49.84,36.06,11.45,,
98,Iran,2009,30.81,57.92,32.12,12.08,,
972,Israel,2009,28.99,38.27,37.27,6.07,,
39,Italy,2009,24.73,41.19,39.17,3.72,,
876,Jamaica,2009,42.33,77.07,24.11,22.73,,
81,Japan,2009,8,13.78,50.46,3.26,,
962,Jordan,2009,43.8,56.94,38.79,10.24,,
371,Latvia,2009,17.89,49.6,39.65,10.51,,
961,Lebanon,2009,54.31,76.76,21.41,14.98,,
60,Malaysia,2009,44.6,33.67,65.32,4.41,,
212,Morocco,2009,48.67,74.5,28.68,15.74,,
31,Netherlands,2009,36.16,47.49,28.71,7.19,,
47,Norway,2009,48.84,44.07,24.6,8.53,,
970,Palestine,2009,49.9,55.57,35.57,8.59,,
507,Panama,2009,44.62,62.43,26.12,9.59,,
51,Peru,2009,60.98,74.1,32.13,20.93,,
40,Romania,2009,13.8,27.33,52.84,5.02,,
7,Russia,2009,17.11,23.67,51.77,3.88,,
966,Saudi Arabia,2009,69.48,72.51,48.94,4.66,,
381,Serbia,2009,29.33,72.29,27.96,4.9,,
386,Slovenia,2009,29.13,52.03,29.68,5.36,,
27,South Africa,2009,35.39,35.47,30.67,5.92,,
82,South Korea,2009,12.78,52.77,23.3,7.01,,
34,Spain,2009,15.99,47.53,45.43,5.1,,
41,Switzerland,2009,35.09,48.94,28.57,7.72,,
963,Syria,2009,54.2,61.85,18.14,8.46,,
676,Tonga,2009,56.17,53,64.75,17.39,,
216,Tunisia,2009,14.88,40.26,33.74,9.43,,
256,Uganda,2009,73.78,84.78,28.77,33.67,,
971,United Arab Emirates,2009,45.41,67.91,25.72,13.25,,
44,United Kingdom,2009,24.04,47.02,31.65,5.74,,
1,United States,2009,28.35,56.16,26.67,7.96,,
598,Uruguay,2009,46.44,67.8,28.91,12.16,,
582,Venezuela,2009,48.21,59.31,25.61,18.66,,
967,Yemen,2009,14.02,63.55,65.4,24.01,,
244,Angola,2008,74.45,52,41.78,22.71,,
54,Argentina,2008,47.33,62.15,29.89,16.54,,
32,Belgium,2008,14.1,36.26,33.36,2.85,,
591,Bolivia,2008,54.02,76.16,38.16,29.82,,
387,Bosnia and Herzegovina,2008,45.59,68.38,22.61,9.02,,
55,Brazil,2008,41.44,53.12,37.98,12.02,,
56,Chile,2008,27.34,62.18,26.54,13.08,,
57,Colombia,2008,61.28,66.18,31.59,24.52,,
385,Croatia,2008,44.38,59.8,34.18,7.59,,
45,Denmark,2008,62.15,32.17,42.17,4.04,,
809,Dominican Republic,2008,53.56,75.83,28.08,20.35,,
593,Ecuador,2008,41.31,70.29,30.33,17.18,,
20,Egypt,2008,34.87,59.22,20.35,13.11,,
358,Finland,2008,50.18,39.07,23.12,7.34,,
33,France,2008,21.59,24.66,52.02,5.64,,
49,Germany,2008,23.91,35.14,40.23,3.77,,
30,Greece,2008,28.11,55.3,45.5,9.86,,
36,Hungary,2008,18.9,48.1,34.49,6.61,,
354,Iceland,2008,36.67,51.81,35.27,10.05,,
91,India,2008,58.47,57.97,45.59,11.49,,
98,Iran,2008,33.72,61.28,20.47,9.18,,
353,Ireland,2008,26.55,47.8,33.12,7.59,,
972,Israel,2008,24.78,37.83,44.81,6.36,,
39,Italy,2008,29.66,40.05,44.86,4.62,,
876,Jamaica,2008,51.09,69.14,26.21,15.63,,
81,Japan,2008,7.64,12.54,50.51,5.42,,
371,Latvia,2008,21.92,29.06,34.31,6.53,,
52,Mexico,2008,47.35,59.29,27.76,13.09,,
31,Netherlands,2008,39.09,37.81,29.38,5.2,,
389,North Macedonia,2008,46.74,62.2,33.32,14.47,,
47,Norway,2008,38.79,40.63,25.01,8.7,,
51,Peru,2008,56.67,72.85,34.17,25.57,,
40,Romania,2008,25.75,23.77,48.81,3.98,,
7,Russia,2008,30.06,17.61,56.94,3.49,,
381,Serbia,2008,51.22,64.24,25.84,7.59,,
386,Slovenia,2008,44.75,50.8,25.44,6.4,,
27,South Africa,2008,37.23,37.03,33.5,7.76,,
82,South Korea,2008,14.76,30.08,32.93,9.99,,
34,Spain,2008,25.4,46.51,47.19,7.03,,
90,Turkey,2008,36.19,48.77,34.01,5.96,,
44,United Kingdom,2008,30.18,49.91,33.7,5.91,,
1,United States,2008,36.57,55.66,24.56,10.76,,
598,Uruguay,2008,51,63.35,29.24,11.9,,
54,Argentina,2007,60.8,57.06,35.03,14.43,,
43,Austria,2007,50.68,52.61,34.28,2.44,,
32,Belgium,2007,16.31,37.37,27.63,3.15,,
55,Brazil,2007,39.01,53.65,29.08,12.72,,
56,Chile,2007,49.03,64.2,24.26,13.43,,
86,China,2007,39.19,38.85,31.05,16.43,,
57,Colombia,2007,58.11,68.91,28.21,22.72,,
385,Croatia,2007,43.93,60.67,29.79,7.27,,
45,Denmark,2007,70.59,36.12,33.85,5.39,,
809,Dominican Republic,2007,51.51,82.51,22.97,16.75,,
358,Finland,2007,52.96,39.73,28.97,6.91,,
33,France,2007,23.26,33.47,40.55,3.17,,
30,Greece,2007,28.54,47.93,53.86,5.71,,
852,Hong Kong,2007,81.3,32.2,35.92,9.95,,
36,Hungary,2007,28.08,44.46,17.38,6.86,,
354,Iceland,2007,68.73,46.36,38.72,12.48,,
91,India,2007,70.96,72.98,50.21,8.53,,
353,Ireland,2007,46.15,49.43,36.69,8.22,,
972,Israel,2007,23.98,38.15,43.56,5.44,,
39,Italy,2007,39.5,50.51,40.48,5.01,,
81,Japan,2007,8.87,15.16,42.87,4.34,,
701,Kazakhstan,2007,53.8,40.99,45.84,9.36,,
371,Latvia,2007,33.75,26.38,46.44,4.46,,
31,Netherlands,2007,42.02,39.15,21.97,5.18,,
47,Norway,2007,46.29,36.23,18.34,6.18,,
51,Peru,2007,63.43,77.86,23.13,25.89,,
351,Portugal,2007,32.96,57.85,29.12,8.78,,
787,Puerto Rico,2007,34.63,50.84,24.09,3.06,,
40,Romania,2007,26.23,29.35,33.47,4.02,,
7,Russia,2007,10.57,8.65,42.03,2.67,,
381,Serbia,2007,48.01,63.01,25.7,8.56,,
386,Slovenia,2007,47.53,48.04,26.66,4.78,,
34,Spain,2007,33.7,45.14,47.17,7.62,,
46,Sweden,2007,50.33,41.65,28.54,4.15,,
41,Switzerland,2007,34.94,40.84,29.44,6.27,,
66,Thailand,2007,18.86,42.55,41.91,26.87,,
90,Turkey,2007,39.45,49.08,23.13,5.58,,
971,United Arab Emirates,2007,49.92,62.96,30.62,8.44,,
44,United Kingdom,2007,39,48.71,34.16,5.53,,
1,United States,2007,25.18,48.3,27.34,9.61,,
598,Uruguay,2007,41.12,58.14,20.72,12.21,,
582,Venezuela,2007,56.04,66.24,,20.16,,
54,Argentina,2006,57.3,57.49,32.6,10.24,,
61,Australia,2006,54.79,50.64,33.66,11.89,,
32,Belgium,2006,15.37,34.59,36.18,2.73,,
55,Brazil,2006,37.04,53.6,34.38,11.65,,
101,Canada,2006,44.74,53.22,25.76,7.12,,
56,Chile,2006,42.2,61.39,28.34,9.19,,
86,China,2006,31.2,36.39,31.7,15.97,,
57,Colombia,2006,65.18,66.95,23.7,22.37,,
385,Croatia,2006,42.75,58.07,29.94,8.47,,
420,Czech Republic,2006,26.73,37.98,31.23,7.85,,
45,Denmark,2006,64.59,36.41,38.54,5.31,,
358,Finland,2006,49.82,36.53,36.47,4.99,,
33,France,2006,20.79,33.32,42.79,4.39,,
49,Germany,2006,20.03,39,34.33,4.21,,
30,Greece,2006,22.2,46.4,48.42,7.9,,
36,Hungary,2006,16.11,43.11,15.12,6.04,,
354,Iceland,2006,60.39,50.2,39.9,10.21,,
91,India,2006,52.09,62.26,24.44,10.09,,
62,Indonesia,2006,41.81,56.27,28.88,19.28,,
353,Ireland,2006,44,50.92,34.49,7.35,,
39,Italy,2006,23.2,44.49,38.12,3.47,,
876,Jamaica,2006,53.07,72.32,27.49,20.32,,
81,Japan,2006,9.15,15.71,28.93,2.9,,
371,Latvia,2006,41.19,36.11,45.39,6.53,,
60,Malaysia,2006,47.14,47.01,49.84,11.09,,
52,Mexico,2006,27.07,41.33,30.82,5.26,,
31,Netherlands,2006,45.73,37.54,31.92,5.4,,
47,Norway,2006,50.98,39.13,25.03,8.9,,
51,Peru,2006,67.75,78.01,25.1,40.08,,
63,Philippines,2006,58.05,72.48,35.22,20.39,,
7,Russia,2006,23.72,25.14,39.98,4.84,,
65,Singapore,2006,15.7,25.39,39.15,4.8,,
386,Slovenia,2006,38.84,47.71,27.7,4.63,,
27,South Africa,2006,27.81,36.13,34.18,5.14,,
34,Spain,2006,32.7,46.18,44.33,7.27,,
46,Sweden,2006,46.04,41.86,27.7,3.45,,
66,Thailand,2006,20.97,34.77,52.54,15.2,,
90,Turkey,2006,33.91,54.66,26.59,6.07,,
971,United Arab Emirates,2006,41.3,45.98,31.62,3.74,,
44,United Kingdom,2006,36.76,49.62,33.19,5.76,,
1,United States,2006,24.12,51.2,25.67,10.03,,
598,Uruguay,2006,51.91,59.32,29.01,12.51,,
54,Argentina,2005,57.51,55.12,36.99,9.49,,
61,Australia,2005,50.24,57.44,30.34,10.47,,
43,Austria,2005,29.13,45.98,30.26,5.28,,
32,Belgium,2005,42.51,44.49,29,3.93,,
55,Brazil,2005,42.71,50.23,37.59,11.32,,
101,Canada,2005,47.77,53.78,28.92,9.28,,
56,Chile,2005,48.6,67.38,32.56,11.15,,
86,China,2005,21.31,22.55,13.91,13.71,,
385,Croatia,2005,37.21,58.74,38.51,6.11,,
45,Denmark,2005,65.75,37.93,39.96,4.71,,
358,Finland,2005,46.6,36.37,28.93,4.92,,
33,France,2005,21.65,35.98,42.37,5.35,,
49,Germany,2005,17.61,40.58,40.24,5.09,,
30,Greece,2005,16.47,44.61,50.32,6.5,,
36,Hungary,2005,10.33,14.58,29.59,1.88,,
354,Iceland,2005,62.41,46.75,41.85,10.59,,
353,Ireland,2005,51.87,49.94,34.04,9.83,,
39,Italy,2005,14.88,32.1,30.43,4.94,,
876,Jamaica,2005,44.68,72.53,30.52,17,,
81,Japan,2005,16.55,13.38,44.54,2.2,,
371,Latvia,2005,36.07,38.04,37.31,6.65,,
52,Mexico,2005,33.17,45.6,29.54,5.91,,
31,Netherlands,2005,39.07,41.67,30.33,4.34,,
64,New Zealand,2005,56.76,59.81,21.98,17.57,,
47,Norway,2005,46.42,41.78,21.75,9.11,,
65,Singapore,2005,17.47,28.99,35.77,7.24,,
386,Slovenia,2005,20.9,35.46,31.68,4.36,,
27,South Africa,2005,27.26,35.19,31.92,5.11,,
34,Spain,2005,38,47.74,42.03,5.65,,
46,Sweden,2005,45.33,44.68,34.06,4.04,,
41,Switzerland,2005,38.53,51.19,26.72,6.05,,
66,Thailand,2005,33.93,45.62,48.84,20.74,,
44,United Kingdom,2005,38.75,50.97,33.42,6.19,,
1,United States,2005,32.32,52.13,21.64,12.44,,
582,Venezuela,2005,65.15,74.94,30.95,24.95,,
54,Argentina,2004,56.64,58.58,33.04,12.84,,
61,Australia,2004,51.24,55.86,34.05,13.38,,
32,Belgium,2004,37.52,38.75,31.53,3.42,,
55,Brazil,2004,43.84,55.66,39.54,13.48,,
101,Canada,2004,44.79,54.94,31.73,8.85,,
385,Croatia,2004,19.27,41.59,27.54,3.73,,
45,Denmark,2004,49.18,40.24,24.67,5.31,,
593,Ecuador,2004,46.29,76.14,44.65,27.24,,
358,Finland,2004,38.26,36.09,36.1,4.35,,
33,France,2004,21.13,33.08,42.32,6.03,,
49,Germany,2004,13.22,35.81,30.12,4.4,,
30,Greece,2004,29.15,54.45,48.27,5.77,,
852,Hong Kong,2004,25.7,23.62,39.78,2.97,,
36,Hungary,2004,16.59,21.41,37.93,4.29,,
354,Iceland,2004,55.11,48.28,43.85,13.57,,
353,Ireland,2004,45.09,47.73,34.14,7.7,,
972,Israel,2004,32.06,42.21,44.42,6.62,,
39,Italy,2004,25.36,32.63,32.02,4.32,,
81,Japan,2004,13.99,13.52,29.53,1.48,,
962,Jordan,2004,34.26,71.32,23.55,18.18,,
31,Netherlands,2004,38.25,36.72,31.75,5.11,,
64,New Zealand,2004,55.45,65.89,21.72,14.67,,
47,Norway,2004,41.28,41.76,26.37,6.86,,
51,Peru,2004,56.24,74.99,24.45,40.27,,
48,Poland,2004,35.88,50.09,37.52,8.78,,
351,Portugal,2004,23.24,46.31,28.59,3.85,,
65,Singapore,2004,16.26,26.12,36.25,5.66,,
386,Slovenia,2004,37.14,43.18,26.36,2.6,,
27,South Africa,2004,32.29,35.36,35.43,5.27,,
34,Spain,2004,39.32,41.37,45.5,5.15,,
46,Sweden,2004,40.84,42.25,32.05,3.71,,
256,Uganda,2004,71.67,78.39,23.33,31.6,,
44,United Kingdom,2004,36.2,51.7,32.61,6.25,,
1,United States,2004,33.61,54.22,17.75,11.27,,
54,Argentina,2003,65.1,62.83,33.27,19.73,,
61,Australia,2003,51.7,58.92,36.41,11.62,,
32,Belgium,2003,17.6,35.3,26.14,3.88,,
55,Brazil,2003,41.43,50.83,34.26,12.9,,
101,Canada,2003,36.22,55.49,19.26,8.28,,
56,Chile,2003,34.45,50.81,34.31,16.87,,
86,China,2003,32.06,37.53,28.26,12.92,,
385,Croatia,2003,25.59,37.45,34.05,2.56,,
45,Denmark,2003,41.92,36.62,29.34,5.88,,
358,Finland,2003,48.73,38.5,36.97,3.14,,
33,France,2003,9.33,24.91,34.09,1.63,,
49,Germany,2003,13.52,38.2,32.79,5.22,,
30,Greece,2003,23.7,52.18,49.06,6.77,,
852,Hong Kong,2003,17.5,22.3,43.76,3.23,,
354,Iceland,2003,50.39,47.7,37.91,11.18,,
353,Ireland,2003,33.06,45.95,36.98,8.1,,
39,Italy,2003,34.01,35.13,38.36,3.11,,
81,Japan,2003,7.47,11.84,39.49,2.76,,
31,Netherlands,2003,29.13,32.08,24.39,3.6,,
64,New Zealand,2003,47.34,62.42,24.05,13.6,,
47,Norway,2003,37.47,39.76,24.43,7.35,,
65,Singapore,2003,16.99,26.84,34.21,4.95,,
386,Slovenia,2003,32.38,38.38,28.97,4.05,,
27,South Africa,2003,27.77,31.73,30.79,4.21,,
34,Spain,2003,31.4,31.21,39.6,6.65,,
46,Sweden,2003,38.6,42.25,30.33,4.12,,
41,Switzerland,2003,25.08,50.22,29.86,7.29,,
256,Uganda,2003,61.57,85.55,29.56,28.85,,
44,United Kingdom,2003,35.24,48.39,30.75,6.35,,
1,United States,2003,30.76,53.95,23,11.85,,
582,Venezuela,2003,43.04,82.14,30.73,26.81,,
54,Argentina,2002,20.67,66.83,36.04,14.15,,
61,Australia,2002,34.17,50.71,32.3,8.66,,
32,Belgium,2002,15.84,35.17,30.99,2.99,,
55,Brazil,2002,41.42,54.97,31.68,13.53,,
101,Canada,2002,35.47,56.69,28.12,9.51,,
56,Chile,2002,31.36,57.15,25.38,15.68,,
86,China,2002,26.98,35.86,36.92,12.11,,
385,Croatia,2002,17.19,39.57,26.75,3.62,,
45,Denmark,2002,50.83,36.77,24.69,6.53,,
358,Finland,2002,51.23,39,28.2,4.56,,
33,France,2002,10.26,26.27,21.61,3.13,,
49,Germany,2002,20.46,35.2,37.12,5.16,,
852,Hong Kong,2002,20.35,23.09,39.66,3.44,,
36,Hungary,2002,9.67,53.25,16.58,6.53,,
354,Iceland,2002,42.35,46.16,39.22,11.32,,
91,India,2002,42.4,41.9,26.59,16.04,,
353,Ireland,2002,38.54,49.54,29.98,9.14,,
972,Israel,2002,25.69,47.41,37.55,6.99,,
39,Italy,2002,40.47,39,29.29,5.74,,
81,Japan,2002,5.25,10.62,28.59,1.69,,
52,Mexico,2002,50.87,61.18,16.01,12.4,,
31,Netherlands,2002,48.79,36.56,23.34,4.59,,
64,New Zealand,2002,51.22,63.37,29.99,14.01,,
47,Norway,2002,44.01,42.16,25.83,8.64,,
48,Poland,2002,8.02,22.22,24.42,3.96,,
7,Russia,2002,14.22,15.23,35.5,2.47,,
65,Singapore,2002,16.65,26.57,40.11,5.91,,
386,Slovenia,2002,29.81,44.34,26.36,4.63,,
27,South Africa,2002,13.62,28.07,28.99,6.3,,
82,South Korea,2002,14.74,31.41,44.79,14.52,,
34,Spain,2002,41.67,48.82,41.97,4.59,,
46,Sweden,2002,44.91,42.73,29.96,3.9,,
41,Switzerland,2002,33.85,48.52,25.08,7.13,,
886,Taiwan,2002,15.5,31.06,43.42,4.27,,
66,Thailand,2002,21.92,40.07,35.77,18.9,,
44,United Kingdom,2002,27.19,45.5,32.64,5.36,,
1,United States,2002,36.92,57.13,21.63,10.62,,
54,Argentina,2001,19.83,54.8,37.17,9.92,,
61,Australia,2001,31.27,59.66,38.18,14.68,,
32,Belgium,2001,19.96,30.32,37.87,4.19,,
55,Brazil,2001,40.6,54.28,32.14,13.8,,
101,Canada,2001,34.54,53.03,26.89,10.27,,
45,Denmark,2001,45.78,40.81,23.72,7.23,,
358,Finland,2001,54.91,37.61,35.17,8.16,,
33,France,2001,6.89,20.01,28.71,5.72,,
49,Germany,2001,23.65,30.11,41.75,6.28,,
36,Hungary,2001,8.63,55.3,10.44,10.86,,
91,India,2001,30.93,39.85,33.17,10.81,,
353,Ireland,2001,34.26,46.28,40.14,11.37,,
972,Israel,2001,17.98,35.64,33.19,5.29,,
39,Italy,2001,47.85,33.36,28,9.11,,
81,Japan,2001,6.95,10.98,22.37,3.1,,
52,Mexico,2001,40.21,50.18,25.77,17.91,,
31,Netherlands,2001,42.49,36.52,27.31,5.87,,
64,New Zealand,2001,49.01,66.26,25.61,15.45,,
47,Norway,2001,58.75,36.43,28.88,7.4,,
48,Poland,2001,13.97,38.57,44.28,8.04,,
351,Portugal,2001,22.28,41.7,31.32,6.61,,
65,Singapore,2001,17.46,24.56,45.07,6.05,,
27,South Africa,2001,19.7,30.38,36.27,6.49,,
82,South Korea,2001,12.24,28.55,43.55,14.32,,
34,Spain,2001,48.46,48.65,36.22,6.32,,
46,Sweden,2001,42.34,44.41,31.19,5.65,,
44,United Kingdom,2001,23,45.96,33.24,6.49,,
1,United States,2001,34.89,60.59,21.37,11.07,,
