code,economy,year,Financing for entrepreneurs,Governmental support and policies,Taxes and bureaucracy,Governmental programs,Basic school entrepreneurial education and training,Post school entrepreneurial education and training,R&D transfer,Commercial and professional infrastructure,Internal market dynamics,Internal market openness,Physical and services infrastructure,Cultural and social norms
374,Armenia,2019,2.48,2.69,3.19,2.42,2.06,2.37,2.16,3.35,3.12,2.76,3.91,3.55
61,Australia,2019,3.1,2.62,2.7,2.82,2.43,2.81,2.52,3.09,2.7,2.88,3.53,3.15
375,Belarus,2019,2.21,2.28,2.73,2.12,2,2.86,2.3,3.1,3.28,2.67,4.08,2.39
55,Brazil,2019,2.93,2.5,1.87,2.56,1.78,2.67,2.25,2.82,3.44,2.49,3.23,2.47
359,Bulgaria,2019,2.75,1.89,2.8,2.07,1.95,2.53,2.17,3.03,3.1,2.68,4.09,2.5
101,Canada,2019,3.16,3.14,2.76,2.93,2.71,3.04,2.66,3.22,2.98,2.94,3.88,3.61
56,Chile,2019,2.42,2.88,2.85,3.24,1.85,2.92,2.41,2.7,2.58,2.51,4.21,3.13
86,China,2019,3.41,3.36,3.52,3.18,2.56,3.32,3.28,3.2,3.83,3.11,4.16,3.81
57,Colombia,2019,2.23,2.97,2.16,2.77,2.11,3.25,2.35,2.52,2.75,2.55,3.3,2.88
385,Croatia,2019,2.7,2.14,1.92,2.27,1.77,2.17,1.97,2.49,3.21,2.21,3.58,1.98
357,Cyprus,2019,2.41,2.69,3.03,2.59,2.17,3.13,2.51,3.02,2.79,2.72,3.7,2.78
593,Ecuador,2019,2.06,2.21,1.96,2.3,2.3,3.2,2.13,2.72,3.03,2.41,3.88,3.4
20,Egypt,2019,2.81,2.61,2.22,2.6,1.74,2.51,2.15,2.81,3.32,2.77,3.79,2.97
49,Germany,2019,3.13,2.6,2.64,3.56,1.97,2.93,2.89,3.59,3.43,3.08,3.63,2.92
30,Greece,2019,2.52,2.4,1.88,2.3,1.93,2.71,2.68,3.02,3.08,2.61,3.47,2.73
502,Guatemala,2019,1.91,1.83,2.31,2.1,2.04,3.07,1.91,2.75,2.36,2.21,3.2,2.76
91,India,2019,3.37,3.46,3.05,3.25,3.08,3.36,3.15,3.34,3.81,3.31,3.86,3.55
62,Indonesia,2019,3.24,3.41,3.06,3.12,2.97,3.43,3.29,3.24,3.8,3.32,3.49,3.7
98,Iran,2019,2.16,2.11,2.21,2.12,2.05,2.22,2.11,1.99,2.14,2.14,2.32,2.05
353,Ireland,2019,2.93,2.56,2.76,3.16,2.13,2.85,2.63,2.95,3,2.92,3.23,3.35
972,Israel,2019,3.08,2.61,2.18,2.67,2.15,2.8,2.83,3.22,2.99,2.61,3.91,4.09
39,Italy,2019,2.8,2.39,2.18,2.67,2.14,2.95,2.9,2.98,2.93,2.82,3.17,2.71
81,Japan,2019,3.03,3.03,2.62,2.73,1.83,2.85,2.77,2.56,3.49,2.77,4.05,2.67
962,Jordan,2019,2.95,2.91,2.5,2.75,2.25,3.11,3.01,3.54,3.79,2.73,4.05,3.41
371,Latvia,2019,2.92,2.74,2.47,3.04,2.62,2.79,2.69,3.41,2.88,2.95,3.92,3.05
352,Luxembourg,2019,2.71,3.38,3.16,3.48,2.62,3.16,3.17,3.28,2.21,3.06,3.74,2.98
261,Madagascar,2019,2.08,2.41,2.36,2.01,1.61,3.24,2.06,2.63,2.83,2.28,2.67,2.71
261,Mexico,2019,2.6,2.55,2.38,2.75,2.2,3.46,2.67,2.91,2.9,2.77,3.94,3.5
212,Morocco,2019,2.37,2.41,2.45,2.45,1.8,2.66,2.05,2.9,2.83,2.14,3.63,2.43
31,Netherlands,2019,3.64,3.41,3.25,3.6,3.3,3.44,3.22,3.58,3.2,3.51,4.32,3.68
389,North Macedonia,2019,2.43,2.18,2.17,2.3,2.06,2.51,2.22,2.91,3.04,2.19,3.38,2.41
47,Norway,2019,3.27,3.06,2.8,3.23,3.13,3.36,2.84,3.56,3.02,2.88,4.22,3.59
968,Oman,2019,2.7,2.75,2.64,2.75,2.31,2.79,2.6,2.85,3.17,2.61,3.47,3.36
92,Pakistan,2019,2.4,2.25,1.96,2.28,2.07,2.71,2.04,2.57,2.96,2.7,3.75,2.86
507,Panama,2019,2.19,1.95,2.56,2.59,1.73,2.6,2.12,2.69,2.57,2.55,3.96,3.15
595,Paraguay,2019,1.91,1.86,2.34,2.28,1.64,2.46,1.9,2.27,2.29,2.47,3.31,2.91
48,Poland,2019,3,2.62,2.07,2.68,1.59,2.25,2.35,2.74,3.68,2.55,3.89,2.53
351,Portugal,2019,2.92,2.68,1.85,2.74,1.94,2.86,2.43,3.02,2.61,2.4,3.95,2.34
787,Puerto Rico,2019,2.27,1.92,1.41,2.04,1.47,2.48,2.18,2.44,3.04,2,2.83,2.37
974,Qatar,2019,3.2,3.48,3.47,3.46,3.12,3.56,3.1,3.35,3.44,3.04,4.1,3.62
7,Russia,2019,2.4,2.34,2.16,2.51,2.16,2.61,2.12,2.94,3.51,2.28,3.44,2.55
966,Saudi Arabia,2019,3,3.5,3.07,3.14,2.09,2.59,2.62,2.87,3.41,2.85,3.65,3.39
421,Slovakia,2019,2.72,2.01,1.99,2.35,1.94,2.7,2.07,3.01,2.81,2.79,4.04,2.32
386,Slovenia,2019,2.81,2.61,2.37,3.04,2.07,2.66,2.55,3.1,3.17,2.92,3.92,2.47
27,South Africa,2019,2.53,2.35,1.95,2.1,1.7,2.28,2.14,2.72,2.8,2.26,2.99,2.48
82,South Korea,2019,3.02,3.63,2.81,3.18,2.31,2.65,2.63,2.73,4.1,2.61,4.03,2.92
34,Spain,2019,3,3.26,3.1,3.53,1.95,3.32,3.24,3.58,3.18,3.06,3.94,2.93
46,Sweden,2019,3.07,2.37,2.37,2.86,2.7,2.93,2.66,3.13,3.57,2.9,4.05,3.09
41,Switzerland,2019,3.24,3.39,3.51,3.51,2.85,3.59,3.58,3.57,2.81,3.21,4.54,3.72
886,Taiwan,2019,3.27,3.42,3.2,3.3,2.56,3.08,3.19,3.34,3.57,3.16,4.45,3.46
66,Thailand,2019,3.03,2.77,2.62,2.67,2.21,2.94,2.66,3.02,3.56,2.8,4.21,3.43
228,Togo,2019,,,,,,,,,,,,
971,United Arab Emirates,2019,3.04,3.72,3.37,3.49,3.23,3.27,2.9,3.3,3.5,3.09,4.13,3.74
44,United Kingdom,2019,3.13,2.61,3.05,2.76,2.31,2.86,2.42,3.01,3,3.12,3.66,3.37
1,United States,2019,3.47,2.75,3.03,2.66,2.51,3.19,2.74,3.37,2.94,2.77,4.13,4.19
244,Angola,2018,1.66,2.2,2.31,1.88,2,2.32,1.71,2.68,2.98,2.25,2.43,2.85
54,Argentina,2018,1.93,3.79,2.24,3.19,1.82,3.09,2.7,3.05,3.31,2.54,3.3,3.21
43,Austria,2018,3.01,2.8,2.41,3.74,1.63,3.16,2.71,3.66,2.69,3.46,4.46,2.31
55,Brazil,2018,2.92,1.78,1.45,2.08,1.54,2.46,2.12,2.69,3.46,2.2,3.22,2.1
359,Bulgaria,2018,3.19,1.97,2.76,2.16,1.79,2.44,2.08,3.1,2.81,2.34,4.07,2.16
101,Canada,2018,3.13,2.95,2.61,2.95,2.47,2.85,2.86,3.64,2.56,2.73,4.01,3.32
56,Chile,2018,2.35,3.14,2.85,3.38,1.47,3.03,2.25,2.47,2.63,2.26,4.28,3.23
86,China,2018,2.75,2.9,2.76,2.72,2.06,3.14,2.43,2.51,4.04,2.64,4.37,3.62
57,Colombia,2018,1.97,2.31,2.26,2.74,2.1,3.42,2.06,2.59,2.46,2.48,3.75,3.21
385,Croatia,2018,2.41,1.69,1.34,2.02,1.52,2.27,1.79,2.24,3.14,1.82,3.33,1.72
357,Cyprus,2018,2.3,2.83,3.13,2.24,1.98,3.2,2.51,3.21,2.85,2.73,3.89,2.57
809,Dominican Republic,2018,1.71,2.14,2.3,3.02,1.52,3.08,1.69,2.58,2.62,2.26,3.89,3.37
20,Egypt,2018,2.61,2.62,2.16,2.41,1.48,2.22,2.12,2.69,3.09,2.62,3.88,2.76
33,France,2018,2.84,3.59,3.2,3.41,1.73,3.38,2.87,3.18,2.58,2.33,4.52,2.85
49,Germany,2018,2.84,2.6,2.63,3.47,1.84,2.73,2.77,3.39,3.06,3.1,3.61,2.65
30,Greece,2018,2.44,2.02,1.65,2.01,1.69,2.35,2.38,2.7,2.71,2.24,3.81,2.48
502,Guatemala,2018,1.7,1.48,2.19,1.91,1.48,3.39,1.98,2.83,2.4,2.28,3.66,3.02
91,India,2018,3.39,3.79,2.84,3.44,2.72,3.13,3.15,3.45,3.87,3.14,3.91,3.32
62,Indonesia,2018,3.56,3.79,3.3,3.41,3.04,3.85,3.3,3.45,3.99,3.29,3.86,3.92
98,Iran,2018,2.31,2.29,1.82,1.8,1.75,2.25,1.95,2.17,3.42,2.35,3.4,2.48
353,Ireland,2018,3.16,2.98,2.7,3.41,2.29,3.04,2.76,3.12,2.54,3.02,3.24,3.23
972,Israel,2018,3.15,2.23,1.65,2.4,1.71,2.79,2.65,3.44,2.82,2.23,4.05,4.13
39,Italy,2018,2.8,2.42,1.93,2.37,1.68,2.68,2.4,2.58,3,2.58,3,2.17
81,Japan,2018,2.98,3.23,2.54,2.71,1.48,2.58,3,2.63,4.22,2.71,4.33,2.21
701,Kazakhstan,2018,2.12,3.31,2.76,2.79,2.03,2.48,1.93,2.87,3.26,2.27,3.62,2.99
371,Latvia,2018,2.86,2.49,2.23,2.69,2.5,2.86,2.32,3.61,2.53,2.75,4.11,2.84
961,Lebanon,2018,2.85,2.01,2.12,2.3,2.43,2.97,2.01,3.08,2.63,2.24,2.42,3.89
352,Luxembourg,2018,2.44,3.34,3.2,3.74,2.38,3.31,3.07,3.18,2.3,3.13,4.01,2.89
261,Madagascar,2018,1.75,2.06,1.98,1.81,1.51,3.26,1.99,2.64,3.12,2.03,2.58,2.3
52,Mexico,2018,2.41,2.74,2.3,3.05,1.88,3.48,2.54,2.69,3.34,2.24,3.95,3.38
212,Morocco,2018,2.19,2.13,2.45,2.07,1.31,2.48,1.65,3,2.7,1.91,3.93,2.31
258,Mozambique,2018,1.26,1.26,1.6,1.5,1.25,1.5,1.17,2.19,2.97,1.96,2.97,1.96
31,Netherlands,2018,3.54,3.3,3.26,3.43,3.24,3.72,3.15,3.63,3.22,3.48,4.56,3.71
507,Panama,2018,1.88,1.79,2.05,2.58,1.31,2.49,1.98,2.11,2.41,1.81,3.61,2.78
51,Peru,2018,2.18,2.1,2.03,2.56,1.91,2.99,2.09,2.48,2.49,2.47,3.42,3.3
48,Poland,2018,3.2,2.99,1.93,2.68,1.67,2.45,2.27,2.96,4.01,2.52,4.24,2.91
787,Puerto Rico,2018,1.91,1.8,1.56,2.18,1.52,3.01,1.97,2.63,2.74,2.16,2.86,2.82
974,Qatar,2018,3.13,3.75,3.48,3.57,3.67,3.95,3.47,3.39,3.81,3.23,4.27,3.68
7,Russia,2018,2.05,2.23,2.06,2.02,1.74,2.9,1.69,3.02,3.77,1.91,3.61,2.76
966,Saudi Arabia,2018,1.97,2.75,2.25,2.41,1.22,1.9,1.75,2.25,2.92,2.21,3.68,3.25
421,Slovakia,2018,2.85,1.5,1.79,2.06,1.65,2.33,1.96,3.21,2.57,2.72,4.23,1.75
386,Slovenia,2018,3,2.64,1.99,2.95,1.87,2.91,2.61,2.99,3.1,2.9,4.14,2.25
82,South Korea,2018,2.8,3.69,2.68,3.13,2.07,2.62,2.43,2.59,4.29,2.27,3.98,3.07
34,Spain,2018,2.68,2.85,2.47,3.29,2.13,3.25,2.76,3.13,2.89,2.77,3.72,3.04
249,Sudan,2018,2.33,1.66,1.81,1.73,1.63,2.35,1.89,2.89,4.31,1.92,2.99,2.64
46,Sweden,2018,2.86,2.43,2.22,2.89,2.4,2.79,2.52,2.99,3.48,2.96,4.23,2.9
41,Switzerland,2018,2.79,2.86,2.88,3.42,2.08,3.21,3.26,3.43,2.73,2.95,4.58,2.76
886,Taiwan,2018,3.27,3.6,3.34,3.31,2.32,3.3,3.08,3.43,3.5,3.52,4.7,3.39
66,Thailand,2018,3.21,2.76,2.52,2.51,2.26,2.96,2.48,2.91,3.6,2.68,3.85,3.39
90,Turkey,2018,2.85,2.69,2.15,2.51,1.77,3.05,2.71,3.28,3.68,2.51,3.61,2.99
971,United Arab Emirates,2018,2.6,3.57,3.14,3.32,2.67,3.09,2.64,3.06,3.54,2.76,4.01,3.61
44,United Kingdom,2018,2.98,2.06,2.98,2.43,1.8,2.61,2.55,3.08,2.94,2.71,3.37,2.98
1,United States,2018,3.57,2.53,2.84,2.67,2.6,3.29,2.65,3.53,3.29,2.93,4.19,4.3
598,Uruguay,2018,2.15,2.58,2.1,3.3,1.6,3.44,2.63,2.76,2.27,2.42,3.63,2.12
54,Argentina,2017,2.02,3.75,1.86,3.17,1.62,3.19,2.56,2.89,3.26,2.33,3.22,3.1
61,Australia,2017,2.63,2.32,2.45,2.61,1.88,2.29,2.17,3.01,3.12,2.68,3.57,2.87
387,Bosnia and Herzegovina,2017,2.34,2.07,1.92,2.58,2.1,2.87,2.08,3.48,3.04,2.52,3.92,2.4
55,Brazil,2017,2.59,1.87,1.58,1.95,1.46,2.42,1.84,2.58,3.66,2.2,3.13,2.19
359,Bulgaria,2017,2.62,1.86,2.9,2.23,1.9,2.51,2.08,3.08,2.97,2.53,4.17,2.64
101,Canada,2017,3.1,3.05,2.98,3.24,2.37,3.08,2.93,3.63,2.53,3.09,4.09,3.55
56,Chile,2017,2.18,2.49,2.77,3.08,1.58,2.73,2.09,2.53,2.5,2.37,4.21,3.02
86,China,2017,3.31,2.84,2.59,2.82,1.88,3.05,2.56,2.61,4.26,2.58,4.3,3.23
57,Colombia,2017,2.15,2.36,2.03,2.66,2.24,3.37,2.29,2.85,2.67,2.53,3.67,3.4
385,Croatia,2017,2.42,2.06,1.43,2.21,1.54,2.25,2.04,2.78,3.55,1.91,3.53,1.8
357,Cyprus,2017,2.03,2.5,2.97,2.07,1.91,2.67,2.4,3.08,2.51,2.47,3.94,2.52
593,Ecuador,2017,1.94,2.18,1.82,2.18,2.22,3.61,2.16,3.01,2.76,2.42,4.17,3.01
20,Egypt,2017,2.46,2.51,1.88,1.99,1.22,2.03,1.73,2.36,3.45,2.47,3.64,2.38
372,Estonia,2017,3.27,3,3.07,3.34,2.96,3.39,2.82,3.56,2.5,3.51,4.45,3.86
33,France,2017,2.81,3.4,3.03,3.24,1.84,3.33,2.98,3.2,2.64,2.47,4.24,2.63
49,Germany,2017,2.84,2.68,2.48,3.4,1.56,2.58,2.6,3.43,2.84,2.7,3.96,2.62
30,Greece,2017,1.92,1.99,1.57,1.93,1.75,2.67,2.33,2.82,2.95,2.34,3.61,2.49
502,Guatemala,2017,1.62,1.56,2.08,1.85,1.57,3.19,1.84,2.85,1.84,2.33,3.78,3.09
91,India,2017,3.05,3.22,2.12,2.81,2.17,2.91,2.72,2.92,3.69,2.47,4.14,2.79
62,Indonesia,2017,3.71,3.74,3.42,3.45,3.07,3.73,3.11,3.32,4.17,3.26,3.87,3.56
98,Iran,2017,1.74,2.23,1.28,1.34,1.85,2.2,1.57,1.26,2.71,1.29,3.66,2.44
353,Ireland,2017,2.66,2.64,2.79,3.43,1.91,2.63,2.66,3.07,2.59,2.75,3.34,3
972,Israel,2017,3.31,1.85,1.58,2.25,1.89,2.71,2.54,3.29,2.71,2.21,4.12,4.28
39,Italy,2017,2.22,2.48,1.93,2.4,1.75,2.76,2.67,2.67,3.12,2.69,3.25,2.38
81,Japan,2017,2.95,2.6,2.27,2.54,1.68,2.57,2.76,2.58,4.17,2.76,4.32,2.26
701,Kazakhstan,2017,2.78,3.21,2.58,2.58,1.95,2.3,1.97,3.13,2.83,2.55,3.65,2.86
371,Latvia,2017,2.98,2.77,2.24,2.85,2.56,3.02,2.31,3.46,2.73,2.62,4.07,3.08
961,Lebanon,2017,2.75,1.86,1.91,1.79,2.82,3.65,2.31,3.16,3.24,2.51,2.75,3.16
352,Luxembourg,2017,2.46,3.05,3.35,3.48,1.89,2.98,3.11,3.39,2.19,3.14,4.13,2.5
261,Madagascar,2017,1.98,2.22,2.42,1.97,1.42,3.14,2.07,2.78,2.66,2.2,2.67,2.33
60,Malaysia,2017,3.48,2.74,2.5,2.68,2.14,2.74,2.42,2.98,3.71,3.02,4.11,3.1
52,Mexico,2017,2.6,3.18,2.4,3.2,1.59,3.53,2.62,2.99,2.76,2.39,3.87,2.95
212,Morocco,2017,2.02,2.17,2.38,2.09,1.36,2.35,1.67,2.9,2.42,1.89,3.96,2.16
31,Netherlands,2017,3.65,3.26,3.42,3.63,3.4,3.71,3.17,3.69,3.28,3.73,4.61,4.01
507,Panama,2017,1.92,2.1,2.8,2.69,1.58,2.73,2.15,2.78,2.39,2.64,4.08,2.85
51,Peru,2017,2.16,2.63,2.17,2.75,2.19,3.11,2.11,2.58,2.57,2.61,3.53,3.3
48,Poland,2017,3.03,2.7,1.85,2.42,1.49,2.7,2.11,2.96,3.97,2.69,4.14,2.72
787,Puerto Rico,2017,2.15,2.31,1.38,1.91,1.43,2.88,1.81,2.79,2.94,2.02,2.97,2.56
974,Qatar,2017,2.64,3.43,3.03,3.24,2.61,3.04,2.63,3.07,3.12,2.55,3.81,2.93
966,Saudi Arabia,2017,2.34,2.35,2.23,2.29,1.41,2.17,1.78,2,3.29,2.28,3.38,3
421,Slovakia,2017,2.9,1.94,1.7,1.99,1.96,2.75,1.84,3.14,2.86,2.37,4.04,1.98
386,Slovenia,2017,2.68,2.55,1.84,2.66,2.08,2.85,2.63,2.96,3.15,2.56,3.93,2.3
27,South Africa,2017,2.51,2.45,2.07,2.02,1.78,2.53,1.74,2.7,3.09,1.91,3.18,2.71
82,South Korea,2017,2.38,3.46,2.7,2.93,1.76,2.33,2.32,2.34,4.19,2.01,3.97,2.99
34,Spain,2017,2.52,2.28,1.85,2.95,1.82,2.79,2.28,2.89,2.39,2.18,3.54,2.33
46,Sweden,2017,2.88,2.23,2.07,2.63,2.4,2.56,2.58,2.92,3.01,2.6,4.33,2.99
41,Switzerland,2017,3.09,2.9,3.43,3.34,2.21,3.86,3.43,3.29,2.83,2.86,4.38,3.23
886,Taiwan,2017,2.78,2.48,2.95,3.01,2.4,2.92,2.67,2.77,3.69,2.78,4.22,3.37
66,Thailand,2017,3,2.75,2.53,2.29,2.03,2.67,2.31,2.75,4.08,2.55,3.9,3.16
971,United Arab Emirates,2017,2.96,3.74,3.56,3.23,3.03,3.32,2.92,3.45,3.31,3.2,4.4,4.06
44,United Kingdom,2017,2.74,2.61,2.74,2.65,1.9,2.69,2.61,3.06,2.68,2.67,3.6,3.28
1,United States,2017,2.97,3.02,2.5,2.61,2.01,2.86,2.29,2.99,2.24,2.31,3.81,4.03
598,Uruguay,2017,2.15,2.31,2.76,3.18,1.37,3.4,2.58,3.03,1.78,2.28,3.88,1.95
84,Vietnam,2017,2.27,1.9,2.4,2.09,1.83,2.61,2.19,2.82,4.15,2.79,4.19,3.62
54,Argentina,2016,1.74,3.3,1.34,2.91,1.77,3.12,2.38,2.67,3.26,2.14,3.17,3.08
61,Australia,2016,2.75,2.74,2.66,2.57,2.05,2.23,2.26,3.05,2.89,3.02,4,2.71
43,Austria,2016,2.81,2.56,2.23,3.75,1.38,2.9,2.77,3.49,2.6,3.23,4.53,2.27
501,Belize,2016,1.7,2.47,2.06,2.41,2.13,2.33,1.43,2.48,2.5,2.47,3.5,2.49
55,Brazil,2016,2.65,2.11,1.49,2.06,1.42,2.42,1.84,2.7,3.42,2.23,2.8,2.34
359,Bulgaria,2016,2.64,1.67,2.87,1.92,1.64,2.3,1.94,3.04,2.91,2.27,4.08,2.18
226,Burkina Faso,2016,1.8,3.05,3.21,2.85,1.46,2.93,1.66,2.6,2.72,2.11,2.95,3
237,Cameroon,2016,2.43,2.75,2.44,2.78,1.98,3.21,2.33,3.05,2.84,2.53,3.19,3.08
101,Canada,2016,2.68,2.82,2.7,2.88,2.04,2.82,2.6,3.39,3.03,2.41,3.96,3.18
56,Chile,2016,2.14,2.6,2.86,3.05,1.48,2.94,2.41,3,2.25,2.4,4.41,3.03
86,China,2016,3.32,3.14,2.89,2.66,2.04,3.17,2.49,2.58,4.24,2.66,4.33,3.47
57,Colombia,2016,2.22,2.56,2.23,2.77,1.78,3.26,2.15,2.54,2.78,2.34,3.6,3.43
385,Croatia,2016,2.3,1.73,1.48,2.14,1.61,2.33,1.7,2.56,3.29,1.95,3.77,1.82
357,Cyprus,2016,2.02,2.29,2.46,2.01,1.75,2.79,2.18,3.06,2.74,2.6,3.66,2.4
593,Ecuador,2016,1.75,2.04,1.74,2.02,1.88,3.27,2,2.77,2.75,2.52,4.02,3.19
20,Egypt,2016,2.34,2.17,1.96,2.02,1.2,1.82,1.68,2.31,3.05,2.39,3.91,2.42
503,El Salvador,2016,1.75,1.82,2.06,2.1,1.41,2.88,2.01,2.85,2.5,2.77,4.28,2.84
372,Estonia,2016,2.93,3.01,3.77,3.18,2.76,3.29,2.85,3.42,2.93,3.4,4.68,3.78
358,Finland,2016,3.13,3.26,3.18,2.86,2.36,3,2.77,3.35,2.82,3.04,4.58,2.73
33,France,2016,2.67,3.57,3.25,3.32,1.7,3.24,3.01,3.14,2.82,2.47,4.38,2.25
995,Georgia,2016,2.43,3.32,3.87,3.22,2.19,2.95,2.07,2.83,3.21,3.01,4.19,3.37
49,Germany,2016,2.94,2.37,2.48,3.43,1.7,2.59,2.49,3.34,3.13,3.08,3.76,2.59
30,Greece,2016,2.15,1.78,1.49,1.77,1.84,2.62,2.49,2.79,3.38,2.49,3.77,2.25
502,Guatemala,2016,1.73,1.84,2.18,1.86,1.82,3.28,2.05,3.02,2.36,2.22,3.73,3.06
852,Hong Kong,2016,2.92,3.24,4.18,3.15,1.82,2.81,2.45,3.14,2.99,2.78,4.8,2.87
36,Hungary,2016,2.7,1.86,1.78,2.07,1.46,2.59,2.28,2.93,3.11,2.5,4.03,2.06
91,India,2016,3.43,3.34,2.61,2.82,2.4,3.01,2.87,3.11,3.76,2.98,3.89,3.11
62,Indonesia,2016,2.77,2.77,2.27,2.46,2.48,3.45,2.49,2.4,3.99,2.35,3.14,3.24
98,Iran,2016,1.75,2,1.62,1.36,1.46,1.83,1.81,1.85,3,1.63,3.79,2.1
353,Ireland,2016,2.85,2.78,2.83,3.37,2.18,2.7,2.78,3.06,2.47,2.9,3.31,3.02
972,Israel,2016,2.73,2.1,1.97,2.37,1.92,2.91,2.63,3.13,2.42,2.12,3.69,4.29
39,Italy,2016,2.57,2.06,1.78,1.94,1.85,2.91,2.43,2.6,2.69,2.47,3.07,2.38
876,Jamaica,2016,2.68,2.36,1.82,2.43,2.05,3,1.74,2.82,2.72,2.16,3.58,3.63
962,Jordan,2016,2.44,2.13,2.1,2.22,1.47,1.85,2.28,2.86,3.11,2.27,3.8,2.52
701,Kazakhstan,2016,2.9,3.11,2.66,2.81,1.94,2.59,1.95,3.15,2.8,2.46,3.57,3.05
371,Latvia,2016,2.76,2.37,1.97,2.46,2.29,2.89,2.2,3.68,2.81,2.49,4.22,2.75
961,Lebanon,2016,3.05,2.08,2.34,2.35,2.61,3.11,2.41,3.2,2.65,2.28,2.24,3.67
352,Luxembourg,2016,2.31,3,2.86,3.48,1.96,3.12,3.07,3.48,2.33,3.13,4.08,2.44
389,North Macedonia,2016,2.21,2.1,2.68,2.37,2.32,2.66,2.11,3.1,3.37,2.14,3.68,2.26
60,Malaysia,2016,3.2,2.98,2.57,2.99,2.44,3.11,2.77,3.11,3.89,2.78,3.89,3.19
52,Mexico,2016,2.44,2.57,2.35,2.94,1.97,3.2,2.5,2.83,2.8,2.51,3.88,3.12
212,Morocco,2016,2.18,2.55,2.52,2.22,1.33,2.41,1.71,2.84,2.74,2.06,3.98,2.47
31,Netherlands,2016,3.29,3.19,3.38,3.4,3.28,3.57,3.18,3.49,3.46,3.67,4.69,3.77
507,Panama,2016,1.89,2.09,2.98,2.39,1.3,2.56,2.1,2.53,2.37,2.49,4.21,3.11
51,Peru,2016,2.31,2.11,1.93,2.43,1.93,2.93,1.96,2.22,2.59,2.4,3.5,2.98
48,Poland,2016,2.85,2.6,1.98,2.43,1.64,2.05,2.21,2.73,3.75,2.69,4.19,2.37
351,Portugal,2016,2.95,2.85,1.77,3.07,2.1,3.1,2.76,3.27,2.17,2.45,4.41,2.47
787,Puerto Rico,2016,2.17,2.3,1.77,2.2,1.79,2.85,2.11,2.81,2.6,1.96,3.07,2.54
974,Qatar,2016,2.67,3.25,2.84,3.23,2.7,3.46,2.62,3.08,2.65,2.36,3.87,3.23
7,Russia,2016,1.96,2.05,1.91,1.85,1.89,2.86,1.68,2.94,3.48,2,3.35,2.02
966,Saudi Arabia,2016,2.39,2.41,2.48,2.12,1.44,2.26,1.85,2.37,2.9,2.38,3.99,2.72
221,Senegal,2016,1.97,2.77,3.35,2.95,1.14,2.1,1.49,3.67,1.83,2.47,4.59,1.9
421,Slovakia,2016,2.91,1.77,1.92,2.06,2.06,2.77,1.96,2.9,2.63,2.45,4.04,2.21
386,Slovenia,2016,2.39,2.45,1.89,2.59,1.71,2.61,2.3,3.05,3.17,2.49,4.15,1.98
27,South Africa,2016,2.55,2.86,1.78,1.89,1.83,2.37,1.98,3.03,3.11,2.08,3.45,2.46
82,South Korea,2016,2.45,3.56,2.79,3.21,1.99,2.42,2.54,2.6,4.24,2.3,3.97,2.97
34,Spain,2016,2.37,1.9,2,3.09,1.74,2.15,2.69,3.25,2.73,2.83,3.48,2.71
46,Sweden,2016,2.71,2.31,2.38,2.87,2.5,2.54,2.56,2.99,3.49,2.68,4.07,3.04
41,Switzerland,2016,3.12,3.17,3.19,3.51,2.45,3.48,3.42,3.49,2.88,3.21,4.6,3.4
886,Taiwan,2016,2.84,2.63,2.7,3.01,2.4,2.64,2.79,2.78,3.68,2.95,3.81,3.11
66,Thailand,2016,2.83,2.47,2.34,2.19,1.9,2.9,2.38,2.97,3.63,2.54,3.94,3.09
90,Turkey,2016,2.8,2.68,1.82,2.26,1.68,2.9,2.63,3.22,3.7,2.43,3.49,2.89
971,United Arab Emirates,2016,2.66,3.51,3.3,3.34,2.68,2.84,2.55,3.29,3.44,3,4.25,3.69
44,United Kingdom,2016,2.67,2.22,2.78,2.39,1.77,2.5,2.27,2.87,2.45,3.05,3.61,2.8
1,United States,2016,3.11,2.46,2.5,2.75,1.96,2.75,2.46,3.3,3.03,2.85,4.11,4.07
598,Uruguay,2016,2,1.91,2.23,3,1.28,3.13,2.22,2.86,2.13,2.32,3.9,2.05
54,Argentina,2015,1.9,1.84,1.35,2.19,1.87,2.84,2.29,2.81,3.33,2.27,3.48,2.94
61,Australia,2015,2.38,2.24,2.52,2.53,2.23,2.53,2.21,3.06,2.9,2.81,3.84,2.86
246,Barbados,2015,1.83,2.33,1.57,2.13,1.68,2.76,1.69,2.83,2.67,2.12,3.67,2.55
32,Belgium,2015,3.17,3.96,1.95,2.86,1.95,3.24,2.74,3.76,2.91,3.09,3.88,2.5
267,Botswana,2015,2.43,2.46,2.45,2.45,2.52,3,2.34,2.5,2.99,2.08,2.97,2.8
55,Brazil,2015,2.36,2.2,1.53,2.07,1.42,2.33,1.79,2.52,3.04,2.09,2.88,2.38
359,Bulgaria,2015,2.67,1.78,2.88,2.07,1.53,2.49,2.2,3.13,2.13,2.36,3.95,2.11
226,Burkina Faso,2015,2.2,2.34,2.83,2.46,1.3,2.73,1.84,2.94,2.61,2.3,2.85,2.81
237,Cameroon,2015,2.18,2.76,2.35,2.67,1.92,2.77,2.23,3.07,2.49,2.42,3.01,2.82
101,Canada,2015,3.14,2.82,3.16,3,2.51,3.19,2.58,3.79,2.26,2.97,4.14,3.52
56,Chile,2015,2.16,2.83,3.21,3.29,1.52,2.96,2.09,2.81,2.04,2.33,4.39,3.1
86,China,2015,2.93,3.55,2.68,2.63,1.64,3.05,2.47,2.63,4.35,2.54,4.16,2.98
57,Colombia,2015,1.92,2.31,2.1,2.62,1.77,3.21,2.06,2.49,2.42,2.5,3.63,3.12
385,Croatia,2015,2.04,1.82,1.35,1.97,1.32,2.14,1.77,2.6,3.64,1.84,3.82,1.62
593,Ecuador,2015,2.09,2.83,2.04,2.64,2.34,3.75,2.24,2.95,2.3,2.53,4.44,3.47
20,Egypt,2015,2.14,2.02,1.9,2.03,1.16,1.83,1.78,2.53,3.06,2.29,3.81,2.29
372,Estonia,2015,2.94,2.33,2.98,2.93,2.56,2.91,2.72,3.11,3.2,3.06,4.39,3.45
358,Finland,2015,2.59,3.2,2.93,2.76,2.28,2.55,2.38,3.42,3.28,2.8,4.45,2.69
49,Germany,2015,2.59,2.54,2.34,3.37,1.65,2.49,2.38,3.53,2.69,3.05,3.81,2.53
30,Greece,2015,1.84,1.85,1.55,1.75,1.68,2.78,2.32,2.71,3.02,1.89,3.67,2.14
502,Guatemala,2015,1.75,1.69,2.02,1.98,1.34,2.76,1.7,2.49,1.94,2,3.6,2.62
36,Hungary,2015,2.4,1.66,1.57,2.01,1.55,2.62,2.17,2.65,3.27,2.37,3.65,2.04
91,India,2015,3.43,3.31,2.42,2.72,2.47,3.07,2.58,2.97,3.38,2.86,3.65,3.27
62,Indonesia,2015,2.91,3.04,2.7,2.86,2.67,3.55,2.92,2.85,3.76,2.7,3.19,3.43
98,Iran,2015,2,2.27,1.99,1.35,1.68,1.98,1.78,1.75,3.56,1.82,3.93,2.19
353,Ireland,2015,3.22,3.01,2.89,3.56,2.2,2.98,2.82,3.66,2.31,3.11,4.06,3.28
972,Israel,2015,3.07,2.21,1.68,2.4,1.83,2.59,2.7,3.33,2.4,2.14,3.82,4.4
39,Italy,2015,2.4,1.93,1.52,2.02,1.77,2.54,2.38,2.57,2.6,2.46,3.04,2.16
81,Japan,2015,2.54,3.05,2.3,2.47,1.48,2.58,2.7,2.12,3.79,2.56,4.08,2.35
701,Kazakhstan,2015,2.22,3.17,2.73,2.65,2.23,2.6,1.98,2.9,3.53,2.51,3.46,2.97
371,Latvia,2015,2.72,2.24,2.33,2.78,2.38,3.23,2.13,3.64,2.89,2.75,3.94,2.87
961,Lebanon,2015,3.14,2.03,2.49,2.51,2.58,2.98,2.5,3.39,2.57,2.54,2.69,3.77
352,Luxembourg,2015,2.44,3.15,3.28,3.59,2.15,3.24,3.23,3.6,2.37,3.28,4.06,2.48
389,North Macedonia,2015,2.39,2.46,2.79,2.71,2.19,2.92,2.44,3.1,3.44,2.24,3.83,2.5
60,Malaysia,2015,3.44,3.13,3.1,3.41,2.49,3.16,2.94,3.43,3.64,2.82,4.24,3.5
52,Mexico,2015,2.47,2.83,2.29,3.02,1.61,3.33,2.46,2.83,3.25,2.18,3.76,3.03
212,Morocco,2015,2.56,2.22,2.22,2.33,1.21,2.01,1.91,3.04,2.88,2.25,4.14,2.23
31,Netherlands,2015,3.43,3.23,3.47,3.5,2.96,3.39,3.13,3.53,2.95,3.65,4.41,3.48
47,Norway,2015,2.53,2.27,2.6,2.63,2.41,2.52,2.55,3.27,3.14,2.54,4.05,2.83
507,Panama,2015,2.04,1.74,3.32,2.28,1.32,2.25,2.05,2.68,2.54,2.62,4.22,3.12
51,Peru,2015,1.89,1.94,1.93,2.23,1.79,3.01,1.9,2.2,2.32,2.29,3.4,2.94
63,Philippines,2015,3.09,2.39,1.86,2.22,3.02,3.83,2.45,3.1,3.67,2.5,3.28,3.42
48,Poland,2015,2.86,2.76,2.11,2.79,1.53,2.32,2.15,2.7,3.8,2.73,4.07,2.64
351,Portugal,2015,2.73,2.91,3.52,2.78,3.43,2.79,3.18,2.72,3.4,3.04,2.1,3.18
787,Puerto Rico,2015,2.04,2.53,1.51,2.07,1.37,2.54,1.8,2.83,2.63,2.24,3.34,2.31
40,Romania,2015,1.97,2.09,2.06,2.18,2.35,2.73,2.16,3.64,2.5,2.38,2.9,2.41
221,Senegal,2015,2.23,2.53,2.97,2.54,1.32,2.44,1.55,3.18,2.1,2.4,3.81,2.37
421,Slovakia,2015,2.56,2.27,2.08,2.25,1.98,2.45,1.94,3.28,2.44,2.59,4.13,2.01
386,Slovenia,2015,2.55,2.45,1.93,2.75,1.72,2.38,2.29,2.82,3.13,2.31,3.83,2.08
27,South Africa,2015,2.47,2.53,2.01,1.86,1.9,2.56,2.1,2.91,2.65,2.43,3.52,2.08
82,South Korea,2015,2.32,3.48,2.74,2.97,1.71,2.38,2.13,2.37,4.31,1.96,4.13,2.93
34,Spain,2015,2.4,2.45,2.32,2.89,2.09,2.58,2.36,2.68,2.68,2.58,3.06,2.63
46,Sweden,2015,2.81,2.43,2.38,2.78,2.34,2.36,2.45,3.06,3.49,2.69,4.38,3.03
41,Switzerland,2015,3.14,3.44,3.49,3.59,2.96,3.71,3.73,3.72,2.7,3.38,4.63,3.52
886,Taiwan,2015,2.85,2.7,2.74,2.51,1.89,2.61,2.47,2.67,3.53,2.54,4.31,2.87
66,Thailand,2015,2.52,2.48,2.48,2.3,2.18,2.68,2.41,2.93,3.81,2.48,3.83,3.35
216,Tunisia,2015,2.58,2.38,1.67,2.18,1.15,2.01,1.69,3.49,4.17,1.72,4.03,2.42
90,Turkey,2015,2.29,2.64,2.14,2.48,1.46,3.06,2.53,3.07,3.35,2.37,3.78,3.12
44,United Kingdom,2015,3.25,2.8,2.54,2.71,2.41,3.11,2.53,3.04,3.06,2.82,3.59,3.26
1,United States,2015,3.22,2.62,2.81,2.47,2.15,2.7,2.54,3.22,3.39,2.65,4.18,4.02
598,Uruguay,2015,2.28,2.09,2.3,3.06,1.36,2.81,2.5,3.05,1.99,2.5,3.68,2.13
84,Vietnam,2015,2.12,2.62,2.78,2.14,1.57,2.53,2.33,2.77,3.59,2.51,4.07,3.23
244,Angola,2014,2.63,2.58,2.16,2.4,1.91,2.22,1.77,2.73,2.98,2.17,2.36,2.88
54,Argentina,2014,2.03,2.08,1.49,2.7,1.82,3.11,2.49,2.85,3.24,2.53,3.31,3.01
61,Australia,2014,2.34,1.83,2.44,2.23,2.19,2.85,2.18,3.42,3.03,2.79,3.91,3.19
43,Austria,2014,2.51,2.46,2.6,3.58,1.66,3.02,2.82,3.4,2.49,3.33,4.12,2.46
246,Barbados,2014,2.42,2.42,1.87,2.3,1.71,2.96,1.78,2.72,2.06,2.42,3.75,2.61
32,Belgium,2014,3.38,2.62,1.98,2.71,1.95,2.75,2.99,3.74,2.5,3.19,3.79,2.15
501,Belize,2014,2.14,2.55,2.2,2.45,2.05,2.53,1.77,2.68,2.31,2.54,3.41,2.65
591,Bolivia,2014,2.25,2.15,1.97,2.34,2.13,3.11,2.33,2.81,2.98,2.65,3.3,2.79
387,Bosnia and Herzegovina,2014,2.29,2.13,1.74,2.07,2.06,2.43,1.96,2.92,3.35,2.16,3.35,2.15
267,Botswana,2014,2.71,2.61,2.62,2.71,2.74,3.09,2.45,2.56,2.88,2.04,3,2.91
55,Brazil,2014,2.46,2.4,1.46,2.24,1.48,2.54,2,2.5,3.36,2.24,2.93,2.36
226,Burkina Faso,2014,2.09,2.88,3.09,3.04,1.26,2.78,1.77,2.8,2.24,2.37,3.04,3.08
237,Cameroon,2014,2.16,3.18,2.8,2.86,2.19,3.23,2.05,2.86,2.4,2.77,3.3,3.16
101,Canada,2014,3.1,2.5,2.85,2.86,2.32,3.14,2.57,3.49,2.31,2.95,4.28,3.28
56,Chile,2014,2.35,2.77,2.91,3.06,1.63,2.98,2.2,2.8,2.18,2.57,4.33,3.09
86,China,2014,2.59,3.07,2.76,2.54,1.77,2.81,2.48,2.69,3.81,2.64,4.19,2.89
57,Colombia,2014,2.37,2.75,2.41,2.95,2.14,2.97,2.17,2.79,2.7,2.55,3.38,2.97
506,Costa Rica,2014,1.9,2.39,2.02,2.8,1.93,3.07,2.12,2.63,2.42,2.58,3.39,2.9
385,Croatia,2014,2.32,2.15,1.55,2.27,1.68,2.35,2.04,2.9,3.37,2.08,3.67,2.02
45,Denmark,2014,2.73,3.33,3.31,3.43,3.1,3.43,2.77,3.56,2.43,3.44,4.49,2.82
593,Ecuador,2014,2.19,2.98,2.19,2.66,2.36,3.18,2.35,2.76,2.46,2.72,4.05,2.99
503,El Salvador,2014,1.88,2.26,1.92,2.5,1.64,2.76,1.88,2.65,2.68,2.46,3.89,2.79
372,Estonia,2014,2.86,2.43,3.58,3.39,2.63,2.99,2.92,3.21,3.39,3.12,4.39,3.39
358,Finland,2014,2.82,3.17,2.95,2.77,2.28,2.7,2.61,3.2,3.23,2.72,4.25,2.76
33,France,2014,2.77,2.99,2.96,3.17,1.75,2.92,2.73,3.06,3.02,2.34,4.04,2.14
995,Georgia,2014,2.15,2.94,3.95,2.37,2.35,2.91,1.83,3.1,2.61,2.92,4.02,3.19
49,Germany,2014,2.84,2.93,2.87,3.46,2.13,2.81,2.75,3.34,2.84,2.81,3.82,2.65
30,Greece,2014,2.11,2.07,1.74,1.95,1.5,2.31,2.26,3.05,3.42,2.12,3.53,2.47
502,Guatemala,2014,2.04,1.91,2.1,1.87,1.73,3.06,2.09,2.89,2.41,2.53,3.83,2.44
36,Hungary,2014,2.63,2.43,1.93,2.41,1.68,2.82,2.41,3.29,3.13,2.62,3.94,2.32
91,India,2014,3.11,3,2.43,2.94,2.33,3.09,2.86,3.4,3.45,2.87,3.96,3.43
62,Indonesia,2014,3.03,2.91,2.48,2.57,2.6,3.31,2.63,2.96,3.56,2.89,3.46,3.31
98,Iran,2014,1.89,1.75,1.57,1.6,1.75,2.22,2.08,2.15,3.18,1.69,3.98,2.25
353,Ireland,2014,2.87,3.24,2.64,3.26,2.09,2.95,2.82,3.29,2.59,3.13,3.71,2.95
39,Italy,2014,2.55,2.4,1.5,2.08,1.68,2.33,2.18,2.83,3.5,2.61,2.92,2.22
876,Jamaica,2014,2.24,2.2,1.99,2.34,2.07,3.03,1.97,2.86,2.9,2.22,3.43,2.96
81,Japan,2014,3.01,3.12,2.56,2.8,1.64,2.82,3.15,2.44,3.92,2.85,4.47,2.58
701,Kazakhstan,2014,2.21,3.49,2.65,2.92,2.41,2.73,2.13,3.11,3.06,2.3,3.58,3.4
383,Kosovo,2014,2.08,2.17,3.07,2.21,1.86,2.87,1.96,3.31,3.07,2.61,4.06,3.15
965,Kuwait,2014,2.67,1.9,2.45,1.93,1.52,2.57,2.09,3.06,3.89,2.05,3.5,2.68
371,Latvia,2014,2.55,2.6,2.5,2.75,2.51,3.17,2.33,3.74,2.27,2.78,4,2.85
370,Lithuania,2014,3.19,2.39,2.46,2.72,2.37,3.07,2.61,3.9,3.38,2.66,4.19,3.09
352,Luxembourg,2014,2.76,3.41,3.22,3.47,2.13,2.9,2.98,3.5,2.76,3.05,4.04,2.56
60,Malaysia,2014,3.34,3.35,2.86,3.28,2.45,3.12,2.68,3.31,3.55,2.83,4.08,3.54
52,Mexico,2014,2.2,2.27,1.87,2.69,2,3.12,2.44,2.64,2.81,2.21,3.29,2.99
31,Netherlands,2014,2.81,2.59,3.13,3.15,2.85,3.17,2.88,3.68,2.85,3.4,4.82,3.58
47,Norway,2014,2.58,2.49,3.18,3.18,2.48,2.56,2.78,3.42,2.59,2.64,4.43,2.86
507,Panama,2014,1.99,2.11,2.95,2.52,1.67,2.78,2.35,2.68,2.36,2.53,4.01,2.75
51,Peru,2014,2.2,2.21,2.14,2.13,1.98,2.87,1.87,2.81,2.43,2.7,3.52,3.09
63,Philippines,2014,2.57,2.42,2.11,2.43,2.89,3.28,2.07,2.92,3.09,2.53,3.12,3.05
48,Poland,2014,2.77,3.07,2.16,2.77,1.75,2.54,2.44,2.77,4.04,2.75,3.79,2.96
351,Portugal,2014,2.73,2.57,2.01,3,2.04,3.04,2.76,3.34,2.4,2.75,4.43,2.55
787,Puerto Rico,2014,1.96,2.42,1.78,2.56,1.66,3.07,2.28,2.84,2.61,2.3,3.25,2.76
974,Qatar,2014,2.72,3.15,2.95,2.9,2.72,3.33,2.41,2.95,3.25,2.08,3.44,2.89
40,Romania,2014,2.43,2.53,2.24,2.51,2.34,2.68,2.59,3.09,3.14,2.86,2.89,2.61
7,Russia,2014,2.27,2.36,2.27,2.4,2.31,3.1,2.37,3.25,3.14,2.55,3.47,2.74
65,Singapore,2014,3.56,3.48,3.98,3.68,3.02,3.34,3.17,3.23,3.42,3.04,4.45,3.16
421,Slovakia,2014,2.73,2.28,2.16,2.26,2.21,2.98,2.13,3.07,2.63,2.84,3.94,2.4
386,Slovenia,2014,2.33,2.13,1.92,2.43,1.77,2.34,2.29,2.71,3.04,2.56,3.56,2.06
27,South Africa,2014,3.02,3.02,2.13,2.33,1.83,2.61,2.19,2.64,2.94,2.27,3.06,2.52
34,Spain,2014,2.14,2.5,2.4,2.88,1.84,2.61,2.45,3.03,2.87,2.47,3.64,2.64
597,Suriname,2014,2.3,2.69,2.36,2.42,2.11,3.53,2.01,3.15,3,2.98,3.01,2.96
46,Sweden,2014,2.63,2.74,2.53,3,2.55,2.75,2.65,3.28,3.13,2.8,4.25,3.07
41,Switzerland,2014,3.23,3.08,3.7,3.48,2.56,3.42,3.57,3.51,2.34,2.97,4.45,3.4
886,Taiwan,2014,2.98,2.71,2.91,2.73,2.19,2.77,2.68,2.65,3.86,2.78,3.9,3.26
66,Thailand,2014,2.51,2.52,2.61,2.11,1.94,2.79,2.13,3.22,3.6,2.37,3.72,2.85
868,Trinidad and Tobago,2014,2.66,1.81,2.38,2.34,1.83,2.51,1.95,2.94,2.29,2.34,3.76,2.85
90,Turkey,2014,2.41,2.69,1.99,2.32,2.04,2.88,2.59,2.85,3.56,2.35,3.66,3.07
256,Uganda,2014,2.32,2.74,2.2,2.54,2.42,3.11,2.21,3.09,3.53,2.84,3.34,3.39
44,United Kingdom,2014,2.77,2.9,2.33,2.62,2.44,3.02,2.2,2.95,3.28,2.73,3.54,2.83
1,United States,2014,2.99,2.69,2.33,2.61,2.21,2.87,2.64,3.12,3.3,2.67,3.98,3.75
598,Uruguay,2014,2.21,2.22,2.78,2.89,1.41,3.43,2.49,3.02,2.09,2.4,3.79,2.11
84,Vietnam,2014,2.37,2.93,2.46,2.35,1.83,2.64,2.3,2.93,3.71,2.43,3.75,3.13
213,Algeria,2013,3.42,3.19,2.56,2.75,2.45,3.16,2.88,2.86,4,2.97,3.47,3.19
244,Angola,2013,2.59,2.92,2.24,2.23,1.64,2.12,1.85,2.5,3.07,1.98,2.28,2.81
54,Argentina,2013,2.15,1.98,1.54,2.76,2.16,3.3,2.66,3.05,3.18,2.58,3.45,3.24
246,Barbados,2013,1.95,2.82,1.99,2.32,2.04,2.67,1.64,2.99,2.53,2.35,3.41,2.46
32,Belgium,2013,2.62,2.58,2.18,3.26,1.99,3.09,2.59,3.28,2.81,2.69,3.75,2.18
387,Bosnia and Herzegovina,2013,2.16,1.98,1.8,2.04,2.04,2.56,1.89,2.71,3.38,2.04,3.32,2.16
267,Botswana,2013,2.74,2.64,2.65,2.59,2.27,3.05,2.14,2.67,3.12,2.83,3.27,2.8
55,Brazil,2013,2.34,2.5,1.68,2.28,1.55,2.41,2,2.35,3.02,2.13,3.04,2.74
101,Canada,2013,2.56,2.87,2.35,2.76,2.2,2.67,2.51,3.14,2.99,2.57,3.9,3.18
56,Chile,2013,2.47,3.44,3.23,3.06,1.73,2.71,2.23,2.67,2.4,2.28,4.17,2.83
86,China,2013,2.48,2.66,2.59,2.62,1.62,2.72,2.5,2.63,3.88,2.59,4,3
57,Colombia,2013,2.26,2.83,2.59,2.99,2.26,3.19,2.37,2.83,2.89,2.77,3.32,3.09
385,Croatia,2013,2.29,2.19,1.83,2.48,1.86,2.63,2.08,2.7,3.63,2.11,3.5,2.02
420,Czech Republic,2013,2.47,2.04,2.02,2.29,1.58,2.4,2.24,3.1,2.61,2.62,4.01,2.04
593,Ecuador,2013,2.23,2.87,2.1,2.48,2.04,3.23,2.1,2.88,2.25,2.38,4.16,3.07
372,Estonia,2013,2.69,2.52,3.13,3.27,2.25,3.04,2.89,3.04,3.61,2.54,4.28,3.46
358,Finland,2013,2.77,3.27,3.09,2.89,2.66,2.94,2.99,3.45,2.83,2.88,4.25,2.91
33,France,2013,2.85,3.28,2.99,3.17,1.73,2.69,2.48,3.02,3.24,2.39,4.22,2.21
49,Germany,2013,2.84,2.58,2.59,3.43,1.94,2.59,2.8,3.32,3.18,2.77,3.71,2.78
233,Ghana,2013,2.59,2.71,2.2,2.29,2.08,2.91,2.07,3,3.08,2.99,2.99,3.09
30,Greece,2013,1.99,2.06,1.84,2.03,1.69,2.56,2.16,3.17,3.18,2.19,3.62,2.25
502,Guatemala,2013,2.19,2.16,2.11,2.43,1.8,3.18,2.18,3.38,2.36,2.36,3.84,2.63
36,Hungary,2013,2.77,2.29,1.92,2.35,1.91,2.8,2.54,3.35,3.1,2.7,3.9,2.58
91,India,2013,2.82,1.89,1.84,2.05,1.5,2.42,1.94,2.95,3.51,2.49,3.68,2.69
62,Indonesia,2013,3.06,2.69,2.22,2.53,2.54,3.3,2.31,3.25,3.92,2.82,3.45,3.29
98,Iran,2013,2.03,1.85,1.63,1.54,1.49,2.13,1.93,2.11,3.15,1.76,4.05,2.21
353,Ireland,2013,2.59,2.92,2.77,3.19,2.01,2.78,2.89,3.4,2.66,2.88,3.85,2.97
972,Israel,2013,2.83,2,1.73,2.25,2.03,3.04,2.35,3.27,2.67,2.16,4.06,3.81
39,Italy,2013,2.46,2.03,1.54,2.06,1.71,2.6,2.46,3.1,3.5,2.46,3.34,2.14
876,Jamaica,2013,2.93,2.56,2.21,2.28,2.21,3.5,2.32,3.24,3.81,2.67,3.83,3.54
371,Latvia,2013,2.87,2.94,2.96,3,2.73,3.3,2.37,3.38,2.6,3.03,4.07,3.13
218,Libya,2013,2.14,2.01,2.63,1.75,1.41,2.3,1.83,2.91,3.2,2.84,2.98,2.51
370,Lithuania,2013,2.78,2.39,1.99,2.62,2.39,2.77,2.37,3.46,3.96,2.55,4.19,3
352,Luxembourg,2013,2.58,3.4,3.39,3.61,2.21,2.93,2.78,3.27,2.99,2.94,3.92,2.38
389,North Macedonia,2013,2.33,2.65,2.86,2.54,2.27,3.05,2.37,3.02,3,2.36,3.54,2.83
265,Malawi,2013,1.93,2.3,1.89,2.05,2.18,2.89,1.9,2.78,3.44,2.66,2.81,2.43
60,Malaysia,2013,3.42,3.05,2.54,3,2.33,3.03,2.94,3.17,3.39,2.74,4.15,3.13
52,Mexico,2013,2.38,3.03,2.24,3.06,1.96,3.25,2.6,2.72,2.51,2.39,3.86,3.08
264,Namibia,2013,2.6,2.95,2.12,2.39,2.77,3.1,2.01,2.77,3.02,2.57,3.49,3.2
31,Netherlands,2013,2.76,2.96,3.22,3.03,3.05,3.34,2.83,3.85,2.91,3.34,4.59,3.13
234,Nigeria,2013,2.05,1.97,1.83,2.24,2.13,2.79,1.73,2.59,3.28,2.34,2.98,3.32
47,Norway,2013,2.79,2.39,2.76,2.95,2.6,2.62,2.86,3.61,2.88,2.62,4.14,2.76
507,Panama,2013,2.36,2.7,2.83,3.08,1.59,2.79,2.29,2.76,2.77,2.41,3.82,3.03
51,Peru,2013,2.25,2.04,2.11,2.22,2.05,2.84,1.92,2.73,2.59,2.58,3.45,2.9
63,Philippines,2013,3.23,3,2.29,3.13,3.06,3.4,2.5,3.37,3.82,2.86,3.69,3.55
48,Poland,2013,2.71,2.6,2.07,2.65,1.84,2.38,2.15,2.97,3.83,2.84,3.64,2.83
351,Portugal,2013,2.91,2.6,1.79,2.87,2.17,2.95,2.73,3.38,2.36,2.45,4.44,2.57
787,Puerto Rico,2013,1.9,2.34,1.54,2.51,1.6,3,2.1,2.92,3.02,2.21,3.38,2.47
40,Romania,2013,2.31,2.36,2,2.38,2.32,2.93,2.59,3.04,3.29,2.72,2.93,2.31
7,Russia,2013,2.01,1.9,1.87,1.83,2.19,2.71,2.06,3.05,3.21,2.1,3.13,2.5
65,Singapore,2013,3.53,3.65,4.14,3.67,2.79,3.24,3.22,3.53,3.47,3.39,4.51,3.21
421,Slovakia,2013,2.16,1.9,1.94,2.16,1.93,2.77,1.94,2.79,3.04,2.52,3.86,1.89
386,Slovenia,2013,2.19,1.91,2.05,2.53,2.06,2.81,2.39,2.82,3.1,2.36,3.89,2.23
27,South Africa,2013,3.33,2.95,2.11,2.21,1.77,2.32,2.09,2.69,2.75,3.13,2.76,2.99
82,South Korea,2013,2.29,3.44,2.67,2.99,2.06,2.45,2.51,2.34,4.09,2.32,4.01,3.09
34,Spain,2013,1.79,2.34,2.01,3.05,1.37,2.25,2.19,2.53,2.14,2.28,3.91,2.11
597,Suriname,2013,2.43,2.42,2.21,1.98,2.13,3.27,1.82,2.79,2.68,2.22,3.31,2.79
46,Sweden,2013,2.32,2.73,2.51,2.72,2.33,2.35,2.39,2.97,3.41,2.62,4.23,3.16
41,Switzerland,2013,3.01,3.44,3.69,3.47,2.36,3.36,3.48,3.55,2.74,3.25,4.69,3.31
886,Taiwan,2013,3.68,2.7,2.75,2.32,2,2.67,2.49,3.42,3,2.8,3,3.61
66,Thailand,2013,3,2.46,2.38,2.43,2.28,3.12,2.55,3.35,3.71,2.79,4.08,3.04
868,Trinidad and Tobago,2013,3.1,2.16,2.23,2.4,2.12,3.01,1.96,3.12,2.77,2.02,3.84,3.02
90,Turkey,2013,2.66,2.95,2.69,2.71,2.29,2.93,2.47,3.05,3.19,2.74,3.77,3.21
256,Uganda,2013,2.47,2.34,1.99,2.44,2.24,3.09,2.11,3.29,3.85,2.75,3.37,3.09
44,United Kingdom,2013,2.71,2.95,2.64,2.65,2.17,2.58,2.53,3.1,2.84,2.72,3.91,3.09
1,United States,2013,2.62,2.78,2.22,2.63,2.19,3.08,2.44,3.21,3.24,2.91,4.21,3.92
598,Uruguay,2013,2.2,2.3,2.83,3.16,1.73,3.47,2.96,3.1,1.97,2.77,3.82,2.4
84,Vietnam,2013,2.4,2.89,2.77,2.5,1.97,2.64,2.54,2.89,3.5,2.66,3.58,3.1
260,Zambia,2013,1.91,2.12,2.34,2.15,2.05,2.46,1.68,2.56,3.08,2.72,2.9,2.64
213,Algeria,2012,3.24,3.29,2.8,3.07,2.19,3.32,2.81,2.83,3.75,3.04,3.33,3.17
244,Angola,2012,2.74,2.74,2.19,2.16,1.93,2.24,1.71,2.65,2.94,2.15,2.28,2.94
54,Argentina,2012,2.12,2.3,1.49,2.9,1.85,3.11,2.58,2.97,3.29,2.75,3.59,3.02
43,Austria,2012,2.61,2.78,2.82,3.52,1.72,3.05,2.86,3.62,2.47,3.36,4.21,2.44
246,Barbados,2012,2.06,2.39,2.1,2.51,2.01,2.94,2.02,3.02,2.17,2.46,3.51,2.82
32,Belgium,2012,3.04,2.8,2.2,2.97,2,3.02,2.62,3.43,2.65,3.07,3.85,2.34
387,Bosnia and Herzegovina,2012,2.32,2.1,1.73,2.13,2.34,2.75,1.97,2.84,3.22,2.08,3.25,2.12
267,Botswana,2012,2.72,2.74,2.29,2.4,2.01,2.66,2.14,2.91,3.13,2.5,3.07,2.73
55,Brazil,2012,2.42,2.3,1.62,2.28,1.57,2.41,1.98,2.54,3.42,2.22,2.99,2.66
56,Chile,2012,2.29,3.07,2.97,2.97,1.96,3.01,2.15,2.74,2.51,2.48,4.07,2.89
86,China,2012,2.37,2.61,2.56,2.51,1.75,2.75,2.67,2.79,3.68,2.59,3.93,2.97
57,Colombia,2012,2.32,3.11,2.57,2.96,2.47,3.15,2.52,2.78,2.5,2.61,3.15,3.04
506,Costa Rica,2012,2.05,2.69,2.06,2.78,2.17,2.99,2.54,2.95,2.59,2.65,3.51,2.86
385,Croatia,2012,2.12,1.96,1.74,2.19,1.95,2.65,2.13,2.78,3.47,2.09,3.5,1.98
45,Denmark,2012,2.32,2.51,2.56,3.13,2.61,2.65,2.49,3.23,2.81,2.61,4.09,2.58
593,Ecuador,2012,2.26,2.87,2.11,2.39,1.94,3.07,2,2.87,2.53,2.48,4.13,2.69
20,Egypt,2012,2.38,2.06,2.03,1.86,1.28,1.82,1.83,2.64,3.26,2.39,3.65,2.13
503,El Salvador,2012,1.86,1.87,2.21,2.31,1.82,2.81,1.77,2.63,2.17,2.44,4,3.1
372,Estonia,2012,2.75,2.37,3.54,2.93,1.98,2.71,2.79,3.18,3.58,3.01,4.32,3.38
251,Ethiopia,2012,2.4,3.54,3.07,2.62,2.38,3.01,2.22,2.67,3.91,2.7,3.33,2.96
358,Finland,2012,2.73,3.17,3.31,2.95,2.47,2.87,2.71,3.45,2.78,2.86,4.25,2.77
33,France,2012,2.86,3.52,2.89,3.61,1.96,3.24,2.72,3.27,3.05,2.74,3.91,2.52
49,Germany,2012,2.89,2.89,2.78,3.57,2.07,2.88,2.72,3.34,2.91,2.84,3.87,2.74
233,Ghana,2012,2.13,2.25,2.27,2.17,2.2,2.66,2.07,2.84,3.41,2.5,3.17,2.99
30,Greece,2012,1.65,1.59,1.81,1.72,1.63,2.44,2.15,2.97,3,2.12,3.34,2.05
36,Hungary,2012,2.51,2.3,1.92,2.52,1.6,2.74,2.44,3.17,2.82,2.4,4.04,2.4
91,India,2012,3.09,2.92,2.18,2.79,1.92,2.73,2.54,3.1,3.13,2.85,3.71,3.2
98,Iran,2012,2.16,2.29,1.85,1.73,1.4,2.44,1.88,2.9,3.59,2.15,4.26,2.28
353,Ireland,2012,2.44,3.02,2.82,3.28,2.07,2.83,2.92,3.21,2.81,2.99,3.92,3.15
972,Israel,2012,2.71,2.22,1.89,2.51,2.37,3.28,2.64,3.38,2.67,2.5,4.09,4.25
39,Italy,2012,2.34,2.61,1.71,2.13,1.86,2.46,2.61,3.08,2.97,2.49,3.27,2.41
876,Jamaica,2012,2.39,2.07,1.96,2.17,2.22,2.92,2.13,2.68,2.79,2.83,3.26,3.76
81,Japan,2012,2.34,2.68,2.26,2.6,1.6,2.42,2.64,2.54,3.74,2.83,4.16,2.45
371,Latvia,2012,2.73,2.79,2.67,3.02,2.87,3.17,2.33,3.38,2.44,3.1,4.05,3.19
370,Lithuania,2012,2.63,2.54,2.35,2.6,2.02,2.57,2.46,3.08,3.57,2.19,4.24,2.38
389,North Macedonia,2012,2.12,2.48,3.01,2.55,2.3,2.86,2.38,3.52,3.13,2.29,3.57,2.84
265,Malawi,2012,1.96,2.29,2.46,2.19,2.14,3.14,1.9,2.81,3.32,2.78,2.66,2.41
60,Malaysia,2012,3.58,3.27,2.84,3.17,2.39,2.94,2.91,3.31,3.91,2.97,4.03,3.29
52,Mexico,2012,2.04,2.5,1.93,2.89,1.72,2.96,2.27,2.77,2.54,2.14,3.58,2.96
264,Namibia,2012,2.53,2.96,2.44,2.49,2.68,3.08,2.21,3.06,2.95,2.62,3.9,3.24
31,Netherlands,2012,2.69,2.91,3.3,3.21,3.07,3.45,3.16,3.79,2.75,3.61,4.6,3.37
234,Nigeria,2012,2.2,1.97,1.99,2,2.09,2.44,1.87,2.87,3.67,2.38,3.05,3.21
47,Norway,2012,2.42,2.17,2.74,2.83,2.69,2.9,2.72,3.62,2.78,2.42,4.24,2.9
92,Pakistan,2012,2.83,2.12,2.24,2.15,2.11,3.02,2.46,3.32,3.35,2.71,3.65,2.84
970,Palestine,2012,2.52,2.24,2.43,1.86,1.69,2.44,2.3,3.07,3.13,2.1,3.52,2.89
507,Panama,2012,2.2,2.38,2.73,2.8,1.67,2.84,2.29,2.75,2.98,2.56,3.84,2.76
51,Peru,2012,2.37,2.65,2.37,2.43,2.15,3.14,2.04,2.92,2.57,2.82,3.69,3.24
48,Poland,2012,2.62,2.78,2.14,2.56,1.64,2.49,2.14,2.76,3.92,2.58,3.54,2.65
351,Portugal,2012,2.48,2.11,1.83,2.65,1.76,2.59,2.43,2.96,2.41,2.41,4.11,2.24
40,Romania,2012,2.13,2.23,2,2.21,2.11,2.58,2.31,2.83,3.03,2.64,3.18,2.2
7,Russia,2012,1.96,2.42,2.2,2.12,2.39,2.76,2.05,2.85,3.05,2.16,3.08,2.54
65,Singapore,2012,3.4,3.51,4.04,3.46,2.56,3.14,2.87,3.25,3.25,2.88,4.4,3.28
421,Slovakia,2012,2.38,2.11,2.27,2.23,2.08,2.79,1.99,3.12,2.62,2.83,3.94,2.17
386,Slovenia,2012,2.32,2.31,2.09,2.61,2.13,2.64,2.36,2.91,3.44,2.39,3.83,2.25
27,South Africa,2012,2.49,2.63,1.88,2.1,1.81,2.53,2.16,2.95,2.81,2.31,2.89,2.57
82,South Korea,2012,2.31,3.34,2.75,3,2.11,2.44,2.44,2.41,4.19,2.34,4.18,3.08
34,Spain,2012,2.06,2.68,2.6,2.79,1.53,2.34,2.34,3.05,2.79,2.46,3.98,2.35
46,Sweden,2012,2.52,2.64,2.53,2.99,2.39,2.47,2.51,2.84,3.46,2.5,4.16,2.67
41,Switzerland,2012,3.15,3.35,3.6,3.48,2.3,3.44,3.65,3.73,2.47,3.3,4.7,3.47
886,Taiwan,2012,2.95,2.29,2.88,2.8,1.99,2.81,2.6,2.62,3.49,2.81,4.15,3.19
66,Thailand,2012,2.77,2.45,2.43,2.21,1.89,2.63,1.9,2.69,3.4,2.18,3.98,2.88
868,Trinidad and Tobago,2012,2.81,2.13,2.24,2.48,2.15,3.02,2.29,3.1,2.95,2.29,3.46,2.58
216,Tunisia,2012,2.72,3.5,3.11,2.77,1.44,2.78,2.38,3.15,3.45,2.36,3.41,2.48
90,Turkey,2012,2.56,2.83,2.69,2.6,2.07,2.89,2.42,2.95,3.11,2.57,3.66,3.18
256,Uganda,2012,2.32,2.17,2.2,2.26,1.94,2.69,1.72,3.16,3.49,2.75,3.32,3.48
44,United Kingdom,2012,2.72,2.95,2.77,2.45,2.35,2.92,2.72,3.26,3.12,3.12,3.97,2.98
1,United States,2012,2.97,2.77,2.24,2.65,2.15,3.04,2.75,3.29,2.81,2.69,4.19,4.12
598,Uruguay,2012,2.19,2.52,2.7,2.98,2.07,3.11,2.95,3.14,2.19,2.77,3.84,2.6
260,Zambia,2012,2.14,2.5,2.64,2.21,1.93,2.46,1.85,3.07,3.11,2.9,3.11,2.59
213,Algeria,2011,2.91,3.16,2.63,3.11,2.22,2.67,2.73,3.12,3.4,2.59,3.18,2.99
54,Argentina,2011,2.1,1.87,1.67,2.29,1.97,2.92,2.29,2.84,2.91,2.45,3.73,2.66
61,Australia,2011,2.34,2.21,2.26,2.62,2.3,2.87,2.49,3.19,3.03,2.94,4.07,3.28
880,Bangladesh,2011,2.9,2.97,2.51,2.48,2.08,3.15,2.55,3.29,3.14,2.62,3.41,3.2
246,Barbados,2011,2.11,2.51,2.34,2.3,1.94,2.66,1.84,3.05,2.44,2.29,3.53,2.58
387,Bosnia and Herzegovina,2011,2.27,1.99,1.78,2.18,2.09,2.43,2.01,2.9,3.16,2.01,3.41,2.17
55,Brazil,2011,2.43,2.21,1.52,2.42,1.56,2.57,2.18,2.57,3.5,2.26,3.17,2.6
56,Chile,2011,2.42,3.09,2.84,2.79,1.78,2.72,2.27,2.87,2.41,2.47,4.07,2.93
57,Colombia,2011,1.96,2.66,2.12,2.54,2.14,3.23,2.06,2.44,2.62,2.14,3,2.78
385,Croatia,2011,2.26,2.07,1.84,2.36,1.88,2.73,2.25,2.84,3.32,2.22,3.65,2.27
420,Czech Republic,2011,2.09,1.83,2.06,2.18,1.7,2.59,2.18,3.02,2.95,2.84,3.93,2.18
358,Finland,2011,2.62,3.16,2.89,2.74,2.34,2.77,2.57,3.26,2.91,2.56,4.01,2.65
33,France,2011,2.47,3.07,2.88,3.2,1.55,2.98,2.44,2.98,3.22,2.13,4.21,2.36
49,Germany,2011,2.95,2.94,2.85,3.63,1.92,2.68,2.85,3.3,2.88,2.95,3.84,2.64
30,Greece,2011,1.88,1.88,1.83,1.96,1.94,2.64,2.13,2.86,3.12,2.18,3.46,2.44
502,Guatemala,2011,2.22,1.72,2.2,2.23,1.81,3.29,2.04,3.3,2.54,2.55,4.02,2.72
36,Hungary,2011,2.34,1.86,1.82,2.05,1.44,2.69,2.02,3.03,3.04,2.24,3.77,2.05
98,Iran,2011,1.7,1.72,1.78,1.57,1.37,2.44,1.96,2.58,3.25,1.6,3.11,2.2
353,Ireland,2011,2.41,2.7,2.64,3.18,1.95,2.87,2.83,3.28,3.06,2.91,3.51,3.21
876,Jamaica,2011,2.53,2.42,1.78,2.33,2.05,2.73,1.95,2.93,2.5,2.55,3.27,3.19
371,Latvia,2011,2.2,2.63,2.47,2.75,2.32,2.69,2.07,3.5,2.87,2.7,3.67,2.61
370,Lithuania,2011,2.63,2.24,2.1,2.28,2,2.75,2.19,2.95,3.72,2.25,3.95,2.48
60,Malaysia,2011,3.02,2.82,2.52,2.67,2,2.73,2.44,3.09,3.1,2.43,4.02,2.83
52,Mexico,2011,2.26,2.68,2.39,2.87,1.86,3.13,2.33,2.54,2.69,2.22,3.47,3.01
31,Netherlands,2011,2.88,2.46,2.6,3.1,2.88,3.21,2.85,3.57,2.59,3.28,4.56,3
234,Nigeria,2011,1.92,1.86,1.68,2.03,2.1,2.96,1.79,2.69,3.34,2.27,2.7,3.19
47,Norway,2011,2.81,2.31,2.82,2.92,2.53,2.63,2.74,3.41,2.84,2.34,4.26,2.63
92,Pakistan,2011,2.1,2.15,2.13,1.84,2,2.81,1.9,3.14,2.91,2.56,3.48,2.73
507,Panama,2011,2.23,2.38,3.02,2.95,1.41,2.51,2.21,2.64,2.44,2.67,3.97,2.93
51,Peru,2011,2.34,2.27,2.45,2.36,2.1,3.07,2.12,2.83,2.65,2.66,3.44,3.15
48,Poland,2011,2.52,2.86,1.94,2.58,2.02,2.46,2.21,2.9,4.15,2.91,3.44,2.77
351,Portugal,2011,3.05,2.57,1.91,2.86,1.73,2.81,2.46,2.95,2.77,2.35,3.96,1.88
7,Russia,2011,2.02,2.39,1.83,2.16,2.14,2.85,1.9,2.77,3.18,1.97,3.1,2.34
65,Singapore,2011,3.02,3.49,4.03,3.45,2.48,3.18,2.9,3.23,2.83,3.13,4.7,3.21
421,Slovakia,2011,2.13,2.19,2.44,2.04,1.99,2.62,1.87,3.29,2.74,2.59,3.98,2.29
386,Slovenia,2011,2.38,2.36,2.05,2.67,1.8,2.64,2.51,2.94,2.97,2.46,3.98,2.21
27,South Africa,2011,2.46,2.6,2.26,2.06,2.03,2.51,2.25,2.96,2.45,2.45,3.05,2.46
82,South Korea,2011,2.25,2.93,2.67,2.72,2.08,2.38,2.36,2.2,3.94,2.23,4.01,3
34,Spain,2011,2.06,2.06,2.21,2.72,1.56,2.34,2.13,2.58,2.69,2.16,3.46,2.21
46,Sweden,2011,2.66,2.63,2.61,2.84,2.3,2.84,2.63,3.08,3.19,2.54,4.44,2.91
41,Switzerland,2011,3.5,3.35,3.49,3.42,2.6,3.5,3.46,3.89,2.5,3.12,4.57,3.29
886,Taiwan,2011,3.21,2.59,3.2,3.14,2.47,3.1,2.88,2.87,3.85,3.33,4.12,3.72
66,Thailand,2011,2.86,2.86,2.81,2.6,2.18,3.15,2.4,3.19,3.5,2.57,3.89,3.29
868,Trinidad and Tobago,2011,2.48,2.33,2.29,2.07,1.93,2.63,2.09,3.21,2.66,2.31,3.72,2.63
90,Turkey,2011,2.38,2.65,2.32,2.32,2.19,2.6,2.26,2.97,3.58,2.27,3.45,2.66
971,United Arab Emirates,2011,3.1,3.34,3.2,3.14,2.6,3.3,2.56,3.45,3.6,2.85,4.14,3.41
44,United Kingdom,2011,2.29,2.62,3.01,2.31,2.21,2.6,2.22,3.28,3.04,3.04,3.93,3.08
598,Uruguay,2011,2.26,2.22,2.37,2.93,1.83,2.83,2.63,3.19,1.93,2.44,3.7,2.23
582,Venezuela,2011,1.95,1.9,1.61,1.82,1.72,3.17,2.03,2.88,3.53,2.39,3.27,2.91
244,Angola,2010,2.11,2.31,2.16,1.97,1.81,2.41,1.72,2.39,2.76,2,2.28,2.84
54,Argentina,2010,2.14,1.93,1.8,2.39,2.21,3.12,2.39,2.86,2.69,2.68,3.56,2.77
591,Bolivia,2010,2.23,1.82,2.16,1.86,1.66,2.81,1.85,2.44,2.61,2.45,3.27,2.3
387,Bosnia and Herzegovina,2010,2.27,1.88,1.81,2.01,2.04,2.56,2.09,2.82,3.57,2.03,3.27,2.27
55,Brazil,2010,2.47,2.13,1.43,2.33,1.45,2.4,2.29,2.6,3.81,2.21,3.39,2.63
56,Chile,2010,2.42,2.64,2.51,2.57,1.6,2.84,2.18,2.72,2.4,2.45,3.91,2.57
86,China,2010,2.54,2.74,2.58,2.55,1.89,2.87,2.65,2.54,3.94,2.6,3.9,3.35
57,Colombia,2010,2.3,2.71,2.67,2.98,2.18,3.45,2.29,2.9,2.35,2.82,3.61,3.13
506,Costa Rica,2010,2.03,2.22,1.73,2.22,1.99,2.95,2.05,2.72,2.29,2.33,3.35,2.51
385,Croatia,2010,2.42,2.27,1.96,2.49,2.11,2.76,2.3,2.83,3.31,2.17,3.62,2.42
593,Ecuador,2010,2.21,2.66,1.97,2.09,1.98,2.91,1.99,2.96,2.77,2.02,3.54,2.56
20,Egypt,2010,2.4,2.69,2.2,2.12,1.27,2.11,1.83,2.64,3.36,2.21,3.62,2.1
358,Finland,2010,3.15,3.27,3.28,2.88,2.35,2.98,2.77,3.46,2.82,2.77,4.41,2.9
33,France,2010,2.43,3.08,2.76,3.07,1.58,3.14,2.47,3.07,2.77,1.92,3.88,2.26
49,Germany,2010,2.87,3.1,2.72,3.71,2.07,2.83,2.85,3.16,2.96,2.77,3.93,2.61
233,Ghana,2010,2.29,2.7,2.19,2.25,2.05,2.75,2.01,3.1,3.21,2.62,2.88,3.02
30,Greece,2010,1.84,1.7,1.65,1.99,1.92,2.51,2.15,2.79,2.35,2.32,3.16,2.56
502,Guatemala,2010,1.91,1.71,2.2,1.66,1.61,3.16,1.81,2.92,2.64,2.17,3.81,2.55
36,Hungary,2010,2.19,2.09,1.54,2.09,1.83,2.89,2.09,2.88,2.95,2.15,3.44,2.38
354,Iceland,2010,1.92,2.8,3.35,2.89,2.2,3.2,2.79,2.91,3.41,2.7,4.55,3.91
98,Iran,2010,1.82,2.02,1.96,1.8,1.48,2.47,2.02,2.52,3.24,1.74,3.36,2.53
353,Ireland,2010,2.23,2.64,2.74,3.25,2.22,2.88,2.64,3.27,2.86,2.86,3.31,3.05
972,Israel,2010,2.91,2.2,2.08,2.58,1.93,2.9,2.72,3.66,2.25,2.35,4.12,3.97
39,Italy,2010,2.17,1.92,1.79,2.22,1.53,2.82,2.21,2.52,2.96,2.36,2.82,2.32
876,Jamaica,2010,2.27,2.41,1.92,2.42,2.33,3.07,2.18,3.14,2.28,2.63,3.44,3.45
81,Japan,2010,2.23,2.51,1.96,2.35,1.53,2.47,2.41,2.26,3.68,2.36,3.89,2.27
371,Latvia,2010,2.28,2.5,2.37,2.45,2.82,3.25,2.5,3.62,2.59,2.65,4.04,3.05
389,North Macedonia,2010,1.92,2.23,2.81,2.4,2.19,3.04,2.19,3.34,3.01,2.33,3.61,2.49
60,Malaysia,2010,3.43,3,2.48,3.07,2.31,2.97,2.77,3.22,3.41,2.75,4.01,3.2
52,Mexico,2010,2.76,3.19,2.25,3.11,2.15,3.58,2.6,2.96,2.78,2.52,3.7,3.31
382,Montenegro,2010,2.5,2.73,2.36,2.74,2.17,3.35,2.58,2.93,3.64,2.37,3.7,2.51
47,Norway,2010,2.95,2.38,2.55,2.89,2.33,2.54,2.67,3.2,2.79,2.37,3.99,2.54
92,Pakistan,2010,2.46,2.01,2.25,1.98,1.52,2.79,2.09,3.3,3.03,2.79,3.55,2.88
970,Palestine,2010,2.55,2.59,2.84,2.11,1.89,2.53,2.58,3.28,3.17,2.36,3.55,3.16
51,Peru,2010,2.54,2.24,2.32,2.21,2.15,2.8,2.04,2.81,2.61,2.78,3.52,3.08
351,Portugal,2010,2.55,2.51,2.05,2.65,1.7,2.87,2.44,2.88,2.61,2.19,3.94,2.08
7,Russia,2010,1.94,2.34,2,2.08,1.98,2.76,1.88,2.97,3.16,2.4,3.25,2.43
966,Saudi Arabia,2010,3.1,2.46,3.04,2.28,1.8,2.67,2.54,3.35,2.95,2.54,4.18,3.14
386,Slovenia,2010,2.49,2.53,2.4,2.68,2.17,2.98,2.4,3.19,3.11,2.57,3.97,2.14
27,South Africa,2010,2.48,2.7,2.15,2.12,1.75,2.44,2.08,2.95,2.85,2.49,3.09,2.5
82,South Korea,2010,2.25,3.13,2.99,2.95,2.12,2.37,2.45,2.34,4.06,2.44,4.01,3.02
34,Spain,2010,2.09,2.4,2.21,2.5,1.59,2.26,2.24,2.86,2.55,2.31,3.61,2.28
46,Sweden,2010,2.58,2.53,1.94,2.58,2.05,2.27,2.22,2.93,3.06,2.68,4.15,2.39
41,Switzerland,2010,2.93,3.01,3.35,3.41,2.25,3.25,3.38,3.4,2.33,2.88,4.44,3.04
886,Taiwan,2010,3.2,2.81,3.27,3.46,2.47,3.22,3.32,2.84,3.96,3.03,4.13,3.89
868,Trinidad and Tobago,2010,2.45,2.14,2.42,2.49,2.05,2.86,1.81,3.09,2.7,2.37,3.48,2.7
216,Tunisia,2010,3.07,4.55,3.42,3.49,1.87,3.18,2.62,3.14,3.53,2.34,3.89,3.13
90,Turkey,2010,2.06,2.57,2.22,2.21,2.21,2.52,2.37,2.77,3.68,2.19,3.33,2.06
256,Uganda,2010,2.22,2.56,1.78,2.02,1.93,3.02,1.95,2.97,3.43,2.52,3.15,2.91
44,United Kingdom,2010,2.48,2.56,2.5,2.6,2,2.6,2.49,3.15,3.06,2.87,4,2.72
1,United States,2010,2.24,2.61,2.22,2.71,1.96,2.7,2.29,3.18,2.87,2.63,3.56,3.79
598,Uruguay,2010,2.13,2.37,2.5,3.15,1.7,3.29,2.78,3.12,1.91,2.63,4.17,2.17
678,Vanuatu,2010,1.45,1.88,2.03,1.96,2.11,2.56,1.9,2.16,2.91,2.13,2.28,2.17
260,Zambia,2010,2.16,2.64,2.64,2.68,2.28,2.99,1.94,3.04,3.08,3.07,3.03,2.52
54,Argentina,2009,2.09,1.75,1.81,2.22,1.93,3.37,2.42,3.06,2.88,2.54,3.78,2.91
32,Belgium,2009,3.15,3.28,2.61,3.3,2.11,3.08,3.13,3.47,2.59,3.36,4.07,2.67
387,Bosnia and Herzegovina,2009,2.03,1.81,1.7,1.9,2,2.36,1.72,2.68,3.36,1.92,3.06,2.31
55,Brazil,2009,2.38,2.02,1.47,2.42,1.52,2.27,2.13,2.65,3.61,2.18,3.3,2.74
56,Chile,2009,2.52,2.89,2.5,2.75,1.57,2.75,2.32,2.47,2.54,2.4,4.09,3.01
57,Colombia,2009,2.11,2.4,2.21,2.85,1.94,3.1,2.18,2.54,2.5,2.31,3.5,2.99
385,Croatia,2009,2.41,2.33,1.9,2.72,2.07,2.92,2.26,2.91,3.51,2.14,3.67,2.43
45,Denmark,2009,2.61,3.12,3.05,3.41,2.93,2.8,2.71,3.35,2.31,2.92,4.2,3
809,Dominican Republic,2009,1.81,1.87,2.78,2.28,1.6,3,1.77,2.78,2.62,2.27,3.75,2.92
593,Ecuador,2009,1.94,2.35,2.06,2.08,1.6,2.99,1.89,2.84,2.42,2.1,3.11,2.82
358,Finland,2009,2.75,3.26,3.16,2.79,2.32,2.77,2.72,3.18,3.13,2.68,4.17,2.73
49,Germany,2009,2.69,2.96,2.64,3.48,1.98,2.67,2.72,3.39,2.68,2.83,3.98,2.67
30,Greece,2009,2.28,2.17,2.02,2.3,1.65,2.44,2.12,2.87,2.73,2.37,3.45,2.53
502,Guatemala,2009,2.01,1.73,2.24,1.78,1.95,3.12,1.98,3.15,2.24,2.41,3.95,2.62
852,Hong Kong,2009,2.93,2.05,4.14,2.83,2.25,3.17,2.49,3.79,3.71,2.88,4.61,3.78
36,Hungary,2009,2.31,1.65,1.71,2.32,2,3.17,2.33,3.31,3.14,2.5,3.72,2.31
354,Iceland,2009,2.05,2.85,3.63,3.24,2.14,3.76,2.98,3.19,3.56,3.1,4.55,4.18
972,Israel,2009,2.99,2.09,2.02,2.71,2.26,3.28,2.91,3.58,2.66,2.75,3.8,3.98
39,Italy,2009,2.16,2.18,1.7,2.4,1.79,2.99,2.34,2.6,3.03,2.37,2.87,2.69
876,Jamaica,2009,2.23,2.19,2.08,2.6,2.03,2.81,1.86,2.78,2.79,2.65,3.58,3.1
371,Latvia,2009,2.18,2.08,2.4,2.32,2.3,2.8,2.19,3.39,2.79,3.08,3.94,2.57
60,Malaysia,2009,3.3,2.93,2.66,2.99,2.55,3.53,2.86,3.35,3.78,2.74,3.94,3.53
31,Netherlands,2009,2.61,2.41,2.75,2.81,2.37,3,2.39,3.36,2.71,2.96,3.89,2.63
47,Norway,2009,2.63,2.45,2.64,2.99,2.48,2.96,2.82,3.49,2.53,2.5,4.12,2.79
507,Panama,2009,2.34,2.65,3.16,2.86,1.63,2.76,2.27,3.01,2.73,2.57,3.93,2.77
51,Peru,2009,2.54,2.5,2.18,2.43,2.02,3.04,1.98,2.72,2.29,2.69,3.41,3.23
7,Russia,2009,1.78,2.35,2.08,1.99,2.21,2.64,2.09,3.04,3.03,2.26,3.18,2.54
966,Saudi Arabia,2009,3.01,2.71,2.7,1.97,1.47,2.35,1.99,2.79,3.2,2.77,3.77,2.52
381,Serbia,2009,2.14,2.53,1.95,2.54,2.13,3.22,2.48,3.07,3.09,1.85,2.77,2.42
386,Slovenia,2009,2.64,2.52,2.32,2.74,2.32,2.87,2.57,3.06,2.97,2.41,3.87,2.21
27,South Africa,2009,2.41,2.78,2.26,2.13,2.18,2.86,2.04,2.91,2.76,2.45,3.15,2.7
82,South Korea,2009,2.45,3.08,2.65,3,2.03,2.47,2.53,2.4,4.25,2.58,3.99,3.08
34,Spain,2009,2.2,2.69,2.34,3.06,1.73,2.65,2.42,3.06,2.5,2.68,3.67,2.45
41,Switzerland,2009,3.24,3.16,3.21,3.45,2.51,3.43,3.49,3.83,1.84,3.19,4.65,3.26
963,Syria,2009,2.24,2.05,1.97,1.66,1.56,2.21,1.82,2.97,3.08,2.43,3.08,3.04
676,Tonga,2009,2.18,2.47,2.31,2.14,2.43,2.77,1.99,2.61,3.08,2.25,3.01,2.73
216,Tunisia,2009,2.94,4.32,3.3,3.39,1.79,3.03,2.62,3.17,3.35,2.43,3.86,2.98
256,Uganda,2009,2.43,2.53,1.94,2.33,2.1,3.18,2.01,3.19,3.79,2.57,3.13,3.23
971,United Arab Emirates,2009,3.02,3.39,3.34,2.71,2.39,3.3,2.38,3.6,3.62,2.85,4.14,3.04
44,United Kingdom,2009,2.56,2.76,2.16,2.74,1.75,2.22,2.29,3.05,2.65,2.8,3.54,2.66
1,United States,2009,2.72,2.37,2.11,2.48,1.9,2.66,2.33,3.23,3.22,2.49,3.84,3.85
598,Uruguay,2009,2.36,2.47,2.45,3.18,1.75,2.85,2.59,2.95,2.19,2.46,3.92,2.2
582,Venezuela,2009,2.28,1.85,1.61,1.92,1.75,3.22,2.04,2.66,3.59,2.38,3.42,2.61
54,Argentina,2008,1.94,1.68,1.59,2.07,2.11,3.32,2.18,3.01,2.61,2.51,3.56,2.98
591,Bolivia,2008,2.02,1.88,1.89,1.76,1.73,2.55,1.71,2.44,2.69,2.29,3.28,2.17
387,Bosnia and Herzegovina,2008,2.2,1.98,1.69,1.86,1.97,2.36,1.81,2.68,3.26,2.05,3.12,2.19
55,Brazil,2008,2.3,1.94,1.56,2.47,1.59,2.78,1.91,2.49,3.56,1.94,3.18,2.84
56,Chile,2008,2.42,2.23,2.59,2.58,1.58,2.88,2.09,2.72,2.39,2.59,4.23,2.39
57,Colombia,2008,2.07,2.72,2.2,2.79,2.04,3.18,2.16,2.53,2.91,2.32,3.48,3.15
385,Croatia,2008,2.78,2.19,1.88,2.65,2.17,2.79,2.2,2.74,3.87,2.18,3.77,2.29
45,Denmark,2008,2.84,3.05,3.13,3.04,2.48,2.38,2.68,3.25,2.31,3.11,4.18,2.69
809,Dominican Republic,2008,1.86,2.07,2.66,2.46,1.73,3.19,2.14,2.79,2.96,2.44,3.62,3.22
593,Ecuador,2008,1.79,1.98,2.02,1.63,1.68,2.63,1.89,3.01,2.29,2.19,3.11,2.34
20,Egypt,2008,2.27,2.71,2.39,2.19,1.31,1.79,1.65,2.68,3.57,2.47,3.82,2.4
358,Finland,2008,3.05,3.37,3.19,3.01,2.52,2.86,2.69,3.42,2.34,2.95,4.3,2.91
49,Germany,2008,2.96,3.21,2.64,3.53,1.87,2.77,2.78,3.25,3.09,2.77,3.99,2.52
30,Greece,2008,2.76,2.43,2.23,2.41,1.78,2.5,2.27,3.17,2.69,2.68,3.56,2.58
98,Iran,2008,2.14,2.62,1.63,2.16,1.77,2.45,2.12,2.26,3.2,2,3.11,2.71
353,Ireland,2008,2.93,3.05,2.96,3.27,2.59,2.86,2.85,3.39,2.8,3.07,3.12,3.39
39,Italy,2008,2.36,2.12,1.78,2.38,1.83,2.68,2.19,2.73,2.94,2.41,2.84,2.46
876,Jamaica,2008,2.14,2.38,1.78,2.3,2.01,2.83,2.15,2.94,2.78,2.59,3.5,3.35
389,North Macedonia,2008,2.41,2.49,2.47,2.43,2.2,2.76,2.01,2.94,3.21,2.31,3.41,2.78
52,Mexico,2008,2.4,2.72,1.97,2.93,1.67,3.02,2.37,2.64,2.77,2.23,3.34,2.32
47,Norway,2008,3.09,2.31,2.85,3.14,2.63,2.8,2.78,3.58,2.44,2.69,4.16,2.81
51,Peru,2008,2.29,2.3,2.03,2.16,1.87,2.86,1.85,2.78,2.81,2.62,3.58,2.97
7,Russia,2008,2.34,2.71,2.23,2.16,2.51,3.19,2.36,3.29,3.17,2.34,3.62,3.13
381,Serbia,2008,2.71,2.4,2.39,2.39,2.04,2.9,2.24,2.82,3.8,2.16,3.01,2.28
386,Slovenia,2008,2.72,2.32,2.23,2.69,2.42,2.97,2.46,3.09,3.25,2.46,3.78,2.31
27,South Africa,2008,2.73,2.82,2.01,1.95,1.89,2.49,1.96,2.8,2.86,2.37,2.74,2.58
82,South Korea,2008,2.55,3.43,2.74,3.25,2.36,2.87,2.86,2.79,4.4,2.6,4.03,3.53
34,Spain,2008,2.53,2.73,2.61,3.1,1.93,2.79,2.59,2.97,2.41,2.56,3.52,2.83
90,Turkey,2008,1.94,2.1,2.18,1.98,1.87,2.66,2.01,2.76,3.36,2.49,3.33,2.78
1,United States,2008,3.01,2.57,2.32,2.83,2.08,3.04,2.77,3.24,3.2,2.83,3.64,3.91
598,Uruguay,2008,2.1,2.41,2.09,2.35,2.06,2.91,2.55,3.17,2.23,2.22,3.69,2.15
43,Austria,2007,2.87,3.14,3.23,3.47,1.74,3.02,2.92,3.37,2.85,2.87,4.2,2.46
32,Belgium,2007,3.72,3.2,2.47,3.13,2.27,3.35,3.22,3.75,2.22,3.15,4.23,2.38
55,Brazil,2007,2.47,1.88,1.46,2.18,1.57,2.46,2.06,2.7,3.16,2.23,3.36,2.45
56,Chile,2007,2.53,2.21,2.4,2.5,1.55,2.77,2.06,2.78,2.63,2.47,4.4,2.37
86,China,2007,2.6,3.14,2.8,2.78,1.87,2.94,2.81,2.74,3.77,2.59,3.76,3.07
385,Croatia,2007,2.66,2.19,1.9,2.56,2.13,2.74,2.23,2.73,3.49,2.21,3.58,2.4
45,Denmark,2007,2.92,3.17,3.32,3.15,2.76,2.21,2.6,3.53,2.5,2.85,4.3,2.94
809,Dominican Republic,2007,2.19,1.97,2.06,2.26,1.92,2.91,2.07,2.88,2.51,2.35,3.45,3.07
358,Finland,2007,3.25,3.67,3.21,3.31,2.57,2.72,3.06,3.59,1.84,3.12,4.36,2.74
30,Greece,2007,2.56,2.25,1.97,2.2,1.75,2.47,2.29,3.28,2.57,2.65,3.4,2.74
852,Hong Kong,2007,3,2.22,3.65,2.63,2.15,2.83,2.54,3.57,3.32,2.93,4.63,3.9
354,Iceland,2007,2.66,2.89,3.99,2.76,2.05,3.16,2.79,3.46,3.53,3.01,4.24,3.97
91,India,2007,3.37,2.73,2.31,2.42,2.12,2.91,2.89,3.99,3.02,3.12,4.07,3.41
353,Ireland,2007,3.07,3.22,2.97,3.28,2.64,3.06,2.87,3.66,2.49,3.08,3.14,3.58
972,Israel,2007,3.85,2.33,1.96,2.56,2.21,2.91,2.85,3.83,2.23,2.85,3.97,4.19
39,Italy,2007,2.44,2.14,1.68,2.46,1.95,3.24,2.41,3.18,3.05,2.33,3.04,2.67
701,Kazakhstan,2007,2.63,2.82,1.87,3.1,2.47,2.91,2.77,3.12,3.35,2.28,3.28,3.8
47,Norway,2007,3.3,2.48,2.86,2.95,2.66,2.98,2.94,3.79,2.39,2.85,4.03,2.76
51,Peru,2007,2.16,2.3,1.9,2.23,1.89,2.82,1.81,2.83,2.51,2.66,3.57,2.72
787,Puerto Rico,2007,2.75,2.48,2.03,2.36,1.78,2.82,2.25,3.12,2.73,2.42,2.95,2.43
40,Romania,2007,2.78,2.12,2.24,2.36,2.25,2.92,2.2,3.01,3.29,2.56,3.22,2.66
7,Russia,2007,2.75,2.55,2.3,2.25,2.43,3.06,2.12,3.15,3.03,2.37,2.98,3.12
381,Serbia,2007,2.87,2.05,2.56,2.53,2.43,2.97,2.35,3.36,3.93,2.64,3.3,2.51
386,Slovenia,2007,2.78,2.44,2.04,2.59,2.3,2.96,2.31,3.06,2.99,2.6,3.65,2.32
34,Spain,2007,2.59,2.86,2.73,3.13,1.88,2.78,2.45,3.25,2.02,2.65,3.54,2.78
41,Switzerland,2007,3.3,3.07,3.31,3.33,2.01,3.29,3.38,3.61,2.69,2.72,4.46,3.01
90,Turkey,2007,1.91,1.88,1.81,1.78,2.05,2.56,2.07,3.02,3.71,2.58,3.39,2.63
971,United Arab Emirates,2007,3.53,3.62,3.26,3.11,2.24,2.87,3.23,3.65,3.78,3.65,4.17,3.34
44,United Kingdom,2007,3.39,3.31,2.72,3.04,2.3,2.76,2.68,3.48,3.09,3.08,3.97,2.77
1,United States,2007,3.77,3.19,2.95,3.08,2.44,3.43,3.13,3.81,2.91,3.29,4.39,3.87
582,Venezuela,2007,2.46,1.83,1.45,1.76,1.66,2.57,2.13,2.86,2.9,2.45,3.53,2.83
54,Argentina,2006,2.04,1.92,1.43,1.82,2.02,3.27,2.04,2.99,3.17,2.38,3.65,2.81
61,Australia,2006,3.02,2.46,2.87,2.8,2.57,2.95,2.63,3.37,2.35,3.15,4.2,3.22
32,Belgium,2006,3.33,3.28,2.23,3.05,2.33,3.11,3.09,3.82,1.89,3.19,4.45,2.71
55,Brazil,2006,2.05,1.95,1.38,2.18,1.51,2.46,2.09,2.84,3.21,2.25,3.43,2.74
56,Chile,2006,2.4,2.23,2.89,2.47,1.55,3,2.17,3.1,2.31,2.62,4.35,2.54
57,Colombia,2006,2.04,2.6,1.87,2.64,1.92,3.26,2.05,2.55,2.28,2.56,3.68,3.13
385,Croatia,2006,2.68,2.41,2.17,2.64,2.21,2.86,2.19,2.92,3.47,2.3,3.75,2.45
420,Czech Republic,2006,2.31,2.34,1.81,2.59,2.18,2.83,2.38,3.14,3.01,2.82,3.86,2.42
45,Denmark,2006,2.74,3.19,3.05,3.03,2.52,2.3,2.64,3.73,2.76,3.12,4.38,2.64
358,Finland,2006,2.99,3.34,3.28,3.18,2.22,2.7,3.01,3.64,1.86,3.28,4.51,2.63
49,Germany,2006,2.75,3.01,2.3,3.4,1.83,2.49,2.58,3.42,2.76,2.7,4.09,2.37
30,Greece,2006,2.89,2.41,2.41,2.55,2.21,2.64,2.65,3.43,2.76,3.02,3.73,3.06
36,Hungary,2006,2.62,2.12,1.86,2.27,2.22,3.01,2.53,2.98,3.38,2.6,3.32,2.29
354,Iceland,2006,2.53,2.98,4.27,2.65,2.13,3.2,2.55,3.54,3.5,3.33,4.48,4.02
91,India,2006,3.21,2.37,2.23,2.33,1.94,3.01,2.65,3.69,3.27,2.8,3.71,3.3
62,Indonesia,2006,2.85,2.63,2.02,2.48,2.39,3.06,2.37,3.45,3.7,2.83,3.23,3
353,Ireland,2006,2.87,3.24,2.81,3.32,2.13,2.67,2.71,3.44,2.35,2.95,3.09,3.4
39,Italy,2006,2.82,2.39,1.93,2.6,1.99,2.78,2.46,2.96,2.76,2.32,2.76,2.46
876,Jamaica,2006,2.1,2.14,1.77,2.18,1.72,2.81,2.01,3.09,2.78,2.46,3.29,3.23
371,Latvia,2006,2.2,2.29,2.48,2.02,2.61,2.93,2.1,3.48,3.1,2.89,3.87,2.45
60,Malaysia,2006,3.07,2.59,2.76,2.59,1.83,2.5,2.4,3.21,2.77,2.53,4.03,2.76
52,Mexico,2006,2.58,2.96,2.17,3.02,2.29,3.13,2.44,2.83,2.59,2.43,3.13,2.61
31,Netherlands,2006,3.42,2.58,2.63,2.79,2.17,2.6,2.41,3.64,2.85,3.46,4.09,2.56
47,Norway,2006,2.8,2.31,2.56,2.88,2.55,2.68,2.72,3.53,2.34,2.76,4.09,2.59
51,Peru,2006,2.02,2.11,1.72,2.08,1.72,2.83,1.74,2.46,2.51,2.51,3.25,2.6
63,Philippines,2006,2.59,2.76,2.14,2.43,2.2,2.9,2.13,3.17,3.02,2.46,3.3,3.15
7,Russia,2006,2.14,2.06,2.02,2.03,2.33,2.98,2.01,3.19,3.62,2.43,3.25,2.4
65,Singapore,2006,3.48,3.4,3.89,3.35,3.1,3.36,3.21,3.53,3.11,3.36,4.61,3.48
386,Slovenia,2006,2.44,2.49,1.65,2.26,2.11,2.86,2.25,2.97,2.96,2.46,3.49,2.19
27,South Africa,2006,2.7,2.94,2.04,2.16,2.19,2.65,2.02,2.8,2.61,2.54,3.02,2.64
34,Spain,2006,2.39,2.92,3.02,3.19,2.09,2.76,2.53,3.18,2.31,2.7,3.76,2.79
66,Thailand,2006,2.56,2.52,2.27,2.3,1.74,2.71,2.17,2.93,3.15,2.33,3.79,2.81
90,Turkey,2006,1.76,1.91,1.89,2.05,2.16,2.57,2.14,2.85,3.4,2.5,3.32,2.78
971,United Arab Emirates,2006,3.66,3.58,3.53,3.06,2.22,3.08,2.82,3.85,3.84,3.33,4.34,3.63
44,United Kingdom,2006,2.79,2.58,2.33,2.84,2.43,2.8,2.6,3.23,2.89,3.26,3.87,2.8
1,United States,2006,3.91,3.27,3.19,3.19,2.71,3.6,3.26,4.06,2.81,3.42,4.65,4.47
598,Uruguay,2006,2,2.21,1.7,1.87,1.64,2.91,1.96,3.37,2.16,2.11,3.32,1.93
54,Argentina,2005,2.36,1.82,1.57,1.94,2.05,3.35,1.89,3.16,3.24,2.37,3.73,2.8
61,Australia,2005,3.04,2.49,2.63,2.56,2.17,2.45,2.34,3.26,2.15,3.12,4.24,2.92
43,Austria,2005,2.81,3.08,3.02,3.43,1.5,3.11,2.89,3.39,2.83,2.79,4.01,2.31
32,Belgium,2005,3.05,2.71,2.06,2.63,2.25,3.26,3.04,3.79,2.29,3.12,4.41,2.51
55,Brazil,2005,1.57,1.73,1.33,1.93,1.56,2.04,1.7,2.32,3.33,1.86,2.98,2.14
101,Canada,2005,3.17,2.88,2.66,2.96,2.62,2.84,2.93,3.66,2.45,3.08,4.3,3.4
56,Chile,2005,2.72,2,2.78,2.38,1.87,2.78,2.2,3.4,2.23,2.56,4.45,2.48
86,China,2005,2.61,2.69,2.92,2.7,1.91,2.89,2.96,2.55,3.89,2.84,4.11,2.94
385,Croatia,2005,2.36,2.11,1.76,2.39,1.91,2.56,2.06,2.67,3.05,2.08,3.35,2.13
45,Denmark,2005,2.57,3.03,2.95,3.06,2.36,2.12,2.54,3.61,2.67,2.81,4.24,2.53
358,Finland,2005,3.23,3.52,3.32,3.16,2.48,2.75,3.17,3.63,1.91,3.24,4.64,2.77
49,Germany,2005,2.51,2.88,2.16,3.34,1.71,2.58,2.72,3.3,2.83,2.68,4.2,2.49
30,Greece,2005,2.76,2.28,2.05,2.26,1.89,2.37,2.41,3.44,2.57,2.82,3.8,2.84
36,Hungary,2005,2.38,1.71,1.47,2.01,1.71,2.87,1.95,2.8,3.04,2.37,3.19,2.73
354,Iceland,2005,2.58,2.8,3.74,2.68,2.3,3.27,2.6,3.23,3.52,3.24,4.35,3.91
353,Ireland,2005,2.92,3.14,2.97,3.4,2.31,2.94,2.75,3.58,2.45,3.05,3.37,3.12
39,Italy,2005,2.36,1.82,1.9,2.2,1.76,2.67,1.91,3.02,2.76,2.6,3.12,2.98
876,Jamaica,2005,2.22,2.17,2.1,2.16,1.77,2.77,2.01,3.34,2.44,2.73,3.5,3.15
962,Jordan,2005,2.7,3.34,2.95,2.68,2.15,2.75,3.26,3.77,4,3.42,4.09,3.51
371,Latvia,2005,2.43,2.14,2.46,2.26,2.84,2.8,1.91,3.23,3.01,2.94,3.61,2.8
31,Netherlands,2005,3.45,2.56,2.33,2.64,2.3,2.56,2.51,3.47,2.53,3.2,3.84,2.56
64,New Zealand,2005,2.61,2.37,2.22,2.65,2.3,2.75,2.32,3.22,2.72,2.97,3.87,3.08
47,Norway,2005,2.47,2.23,2.8,2.86,2.62,2.62,2.67,3.58,2.68,2.69,4.31,2.6
787,Puerto Rico,2005,2.8,2.71,1.86,2.16,1.77,2.75,1.94,3.62,2.59,2.94,3.44,2.49
65,Singapore,2005,3.07,3.52,4.03,3.39,2.57,2.87,2.95,3.43,2.76,3,4.67,2.98
386,Slovenia,2005,2.38,2.39,1.66,2.2,2.25,2.78,2.05,2.88,3.03,2.51,3.61,2.24
27,South Africa,2005,2.7,3.48,2,2.47,2.22,2.84,2.23,2.9,2.73,2.43,3.34,2.82
34,Spain,2005,2.47,2.39,2.43,2.56,2.42,3.31,2.57,3.36,2.42,2.6,3.55,3.19
41,Switzerland,2005,2.97,2.82,2.88,3.07,1.8,3.29,3.17,3.46,2.64,2.52,4.39,2.49
66,Thailand,2005,3.31,3.25,2.26,2.57,1.96,3.42,2.36,2.97,3.7,2.58,3.97,2.78
44,United Kingdom,2005,3.23,2.88,2.95,2.8,2.29,2.74,2.54,3.42,2.63,3.19,4.27,2.72
1,United States,2005,4.08,3.38,3.29,2.98,2.82,3.38,3.2,4.07,2.96,3.46,4.75,4.54
582,Venezuela,2005,1.99,1.87,1.79,1.59,1.59,2.85,1.98,2.96,2.99,2.56,3.59,2.36
54,Argentina,2004,1.98,1.73,1.47,1.82,2.02,2.82,1.74,3.26,3.34,2.56,3.7,2.84
61,Australia,2004,2.84,2.38,2.43,2.66,2.19,2.65,2.46,3.49,2.35,3.13,4.2,3.09
32,Belgium,2004,2.74,2.76,1.74,2.37,1.92,2.82,2.6,3.41,2.45,2.82,3.93,2.29
55,Brazil,2004,2.05,1.91,1.34,2.05,1.37,2.27,1.87,2.74,2.85,2.09,3.26,2.51
101,Canada,2004,3.54,2.85,2.48,2.73,2.52,2.57,2.88,3.37,1.94,3.21,4.33,3.1
86,China,2004,2.98,3.06,3.43,3.03,2.66,3.41,3.13,3.68,3.68,3.33,4.31,4.58
385,Croatia,2004,2.32,2.1,1.81,2.18,2.05,2.63,2.18,2.59,3.65,2.11,3.36,2.17
45,Denmark,2004,2.53,2.81,2.87,2.85,2.23,2.32,2.41,3.37,2.36,2.71,4.02,2.41
593,Ecuador,2004,1.76,1.81,1.92,1.62,1.61,2.54,1.79,2.77,2.44,2.03,2.6,2.3
358,Finland,2004,3.06,3.25,3.09,3.07,2.29,2.77,2.83,3.56,2.7,3.09,4.41,2.49
49,Germany,2004,2.57,2.98,2.14,3.49,1.85,2.63,2.77,3.13,2.72,2.71,4.3,2.64
30,Greece,2004,2.59,2.08,2.03,2.05,1.85,2.29,2.53,3.17,2.51,2.8,3.77,2.88
36,Hungary,2004,2.46,1.92,1.87,2.16,2,3.17,2.36,3.07,3.13,2.34,3.28,2.44
354,Iceland,2004,2.49,2.74,3.95,2.44,2.11,3.03,2.71,3.05,3.08,2.92,4.46,3.74
353,Ireland,2004,2.91,3.14,3.19,3.3,2.08,2.94,2.89,3.61,2.44,3.09,3.23,3.24
972,Israel,2004,3.4,2.26,1.92,2.33,2,2.98,2.8,3.68,2.86,2.48,3.67,3.71
81,Japan,2004,2.39,3.3,1.83,2.33,1.5,2.06,2.48,2.08,3.88,2.3,3.37,2.07
962,Jordan,2004,2.18,2.5,2.42,2.23,1.8,2.16,2.44,3.49,2.82,2.71,4.31,2.4
31,Netherlands,2004,2.93,2.35,2.27,2.55,2.44,2.49,2.22,3.4,2.83,3.08,4.08,2.54
64,New Zealand,2004,3.07,2.31,2.49,2.68,2.15,2.72,2.46,3.43,2.48,3.04,4.07,3.17
47,Norway,2004,2.19,2.12,2.41,2.89,2.43,2.6,2.49,3.55,2.16,2.8,4.22,2.76
51,Peru,2004,1.84,1.95,1.65,1.9,1.66,2.34,1.64,2.55,2.77,2.46,3.22,2.26
48,Poland,2004,1.8,2.47,1.81,2.18,2.13,2.76,1.88,3.17,2.93,2.48,2.85,2.59
351,Portugal,2004,2.31,2.5,2.13,2.54,1.56,2.43,2.33,3.01,2.48,2.64,3.63,1.92
65,Singapore,2004,3.39,3.33,3.83,3.34,2.74,3.4,3.1,3.66,2.76,2.66,4.72,3.01
386,Slovenia,2004,2.25,2.31,1.62,2.4,2.21,2.8,2.1,2.93,3.09,2.47,3.61,2.18
27,South Africa,2004,2.36,3.3,2.23,2.19,2.02,2.57,2.2,2.79,2.38,2.41,3.58,2.67
34,Spain,2004,2.44,2.95,2.87,3.12,1.86,2.74,2.48,3.2,2.18,2.76,3.73,2.78
256,Uganda,2004,2.12,2.27,2.25,2.23,2.19,2.88,2.06,2.79,2.65,2.67,3.56,3.48
1,United States,2004,3.88,2.98,3.28,3.17,2.6,3.36,3.24,4.14,3,3.22,4.45,4.31
54,Argentina,2003,2.01,1.68,1.46,1.85,2.03,2.99,2.13,2.92,3.06,2.36,3.63,2.57
61,Australia,2003,2.65,2.65,2.57,2.7,2.5,3.07,2.4,3.42,2.4,3,4.18,3.15
32,Belgium,2003,2.68,2.81,1.84,2.7,1.94,2.94,2.88,3.47,2.14,2.8,4.26,2.2
55,Brazil,2003,2.24,1.95,1.32,2.22,1.72,2.63,2.02,2.55,3.12,2.1,3.13,2.57
101,Canada,2003,3.13,2.85,2.27,2.85,2.51,3.35,3.22,3.75,1.85,3.02,4.59,3.4
56,Chile,2003,2.2,2.24,2.38,2.05,1.94,3.16,2.22,3.42,2.03,3.21,4.46,2.57
86,China,2003,2.16,2.94,3.03,2.67,1.86,2.26,2.82,2.56,3.95,2.87,3.99,2.97
385,Croatia,2003,2.72,2.03,1.87,2.4,1.59,1.97,2.11,2.75,3.49,2.23,3.55,2.15
45,Denmark,2003,3,3.05,2.35,2.9,2.2,2.18,2.46,3.37,2.44,2.73,4.07,2.37
358,Finland,2003,2.97,3.17,2.79,3.23,2.01,2.96,2.93,3.49,3.06,2.9,4.32,2.63
33,France,2003,2.36,2.95,2.21,2.97,1.38,3.09,2.85,3.32,3.21,2.25,4.14,2.02
49,Germany,2003,2.81,2.94,1.94,3.39,1.8,2.74,2.78,3.14,2.88,2.87,4.45,2.39
30,Greece,2003,2.7,2.03,1.89,2.01,1.82,1.89,2.51,2.9,2.66,2.78,3.78,2.72
852,Hong Kong,2003,3.07,2.59,4.26,2.78,2.09,3.13,2.46,3.75,3.46,3.02,4.74,4.12
354,Iceland,2003,1.87,2.48,3.84,2.44,2.23,2.82,2.52,3.25,3.15,2.8,4.34,3.68
353,Ireland,2003,2.94,3.32,3.16,3.52,2.27,2.99,2.88,3.55,2.38,2.91,3.35,3
39,Italy,2003,2.4,2.05,1.64,2.44,2.03,2.77,1.96,2.95,2.68,2.82,3.31,3.04
31,Netherlands,2003,3.05,2.5,2.03,2.79,2.47,2.82,2.25,3.49,3.04,3.09,3.96,2.72
64,New Zealand,2003,3.13,2.98,2.34,2.73,2.39,3.02,2.72,3.19,2.94,3.12,4.08,3.27
47,Norway,2003,2.04,2.15,2.04,2.83,2.33,2.44,2.42,3.33,2.49,2.7,3.94,2.48
65,Singapore,2003,3.05,2.98,3.73,3.07,2.58,3.45,2.67,3.51,3.09,2.89,4.35,2.72
386,Slovenia,2003,2.15,2.06,1.81,2.19,2.11,2.82,2.03,2.96,3.05,2.48,3.62,2.17
27,South Africa,2003,2.57,3.12,2.14,2.29,2.04,2.85,2.3,3,2.61,2.19,3.46,2.68
34,Spain,2003,2.49,3.01,2.81,3.04,1.82,2.68,2.61,2.93,2.13,2.78,3.38,2.56
46,Sweden,2003,2.34,1.84,2,2.33,1.88,2.52,2.37,3.3,2.6,2.74,4.17,1.74
41,Switzerland,2003,2.94,2.67,3.02,2.89,1.68,3.31,2.82,3.32,2.59,2.62,4.35,2.64
66,Thailand,2003,3.48,3.59,3.05,2.86,2.23,2.71,2.39,3.31,3.57,2.93,3.96,3.19
256,Uganda,2003,1.83,2.31,2.23,1.96,1.69,2.35,1.63,2.77,3.03,2.55,3.13,2.74
44,United Kingdom,2003,2.77,3.03,2.41,2.74,2.14,2.53,2.56,3.15,2.35,2.95,3.41,2.31
1,United States,2003,3.57,3.11,3.15,3.18,2.76,3.81,3.47,4.21,2.88,3.42,4.65,4.59
582,Venezuela,2003,1.59,1.53,1.8,1.2,1.75,2.26,1.75,3.19,2.75,2.18,3.61,2.32
54,Argentina,2002,1.69,1.5,1.36,1.61,2.05,3.03,1.88,3.21,3.16,2.42,3.84,2.56
61,Australia,2002,3.21,2.61,2.24,2.42,2.28,2.65,2.3,3.39,2.6,3.16,4.16,2.98
32,Belgium,2002,3.18,2.22,1.63,2.15,1.83,3.27,2.48,3.33,2.8,2.8,3.65,2.42
55,Brazil,2002,2.33,2.17,1.5,2.55,1.76,2.64,2.19,2.73,3.09,2.18,3.35,2.54
101,Canada,2002,3.4,3.62,1.97,3.35,2.72,3.59,3.49,4.21,1.93,3.88,4.79,
56,Chile,2002,2.34,2.28,2.67,2.22,1.9,3.4,2.38,3.74,1.83,3.45,4.42,2.48
86,China,2002,2.3,2.71,2.78,2.5,1.82,2,2.55,2.18,3.79,2.73,3.73,3.05
385,Croatia,2002,2.69,2.27,1.81,2.11,1.63,2.01,2.05,2.43,3.37,2.04,3.08,2.2
45,Denmark,2002,3.18,3,2.12,3.03,2.03,2.48,2.29,3.41,2.52,2.75,3.87,2.02
358,Finland,2002,3.05,2.95,2.85,3.24,1.92,2.76,2.95,3.31,2.56,2.78,4.35,2.62
33,France,2002,2.47,3.36,3.13,3.03,1.48,2.93,2.94,3.35,2.19,2.6,4.37,2.01
49,Germany,2002,3.11,2.85,2.09,3.4,1.88,2.65,2.52,3.04,2.73,2.77,4.2,2.61
852,Hong Kong,2002,3.13,2.56,4.33,2.74,2.04,3.11,2.34,3.7,3.22,3.12,4.61,4.04
36,Hungary,2002,2.35,2.16,1.88,2.34,2.21,2.97,2.12,2.95,2.97,2.42,3,2.63
354,Iceland,2002,2.64,2.87,3.34,2.48,1.99,2.74,2.57,2.97,3.28,3.18,3.66,3.68
91,India,2002,2.9,2.31,2.09,2.33,1.5,2.89,2.29,3.22,2.48,2.48,3.22,2.58
353,Ireland,2002,3.35,3.28,3.09,3.43,2.14,2.86,2.7,3.64,2.39,3.01,3.16,3.06
972,Israel,2002,3.14,2.08,1.67,2.63,2.01,3.03,2.75,3.43,2.38,2.47,3.65,3.91
81,Japan,2002,2.6,3.08,1.7,2.15,1.34,2.04,2.42,2,3.92,2.19,3.11,2.08
52,Mexico,2002,2.54,2.93,1.87,2.38,2.02,2.99,2.1,2.89,2.74,2.45,3.03,2.63
31,Netherlands,2002,3.72,2.58,2.42,2.83,2.18,2.96,2.15,3.49,2.37,3.32,3.95,2.76
64,New Zealand,2002,2.95,3.05,2.79,2.85,2.29,2.69,2.59,3.35,2.87,3.21,4.04,3.11
47,Norway,2002,2.56,2.03,2.04,2.72,1.82,2.41,2.27,3.37,2.43,2.5,4.21,2.44
65,Singapore,2002,3.26,3.24,3.91,3.4,2.23,3.13,2.78,3.31,2.63,2.44,4.41,2.72
386,Slovenia,2002,2.09,2.16,1.81,2.25,2.14,3.04,1.95,2.69,2.97,2.42,3.5,2.22
27,South Africa,2002,2.7,3.04,1.98,2.02,1.8,3.1,2.04,3.01,2.64,2.4,3.69,2.64
82,South Korea,2002,2.55,2.73,2.39,2.4,1.84,2.34,2.43,2.79,4.03,2.44,3.71,3.04
34,Spain,2002,2.53,2.88,2.73,2.64,1.94,2.77,2.86,2.89,2.49,2.7,3.64,2.28
46,Sweden,2002,2.82,2.15,1.89,2.46,1.93,2.74,2.25,3.15,2.56,2.81,3.98,1.88
41,Switzerland,2002,3.03,2.46,2.84,2.72,1.78,3.21,2.77,3.29,2.59,2.7,4.45,2.57
886,Taiwan                        ,2002,3.49,3.15,2.81,3.27,2.02,2.95,3.4,3.53,4.09,3.08,4.27,4.08
66,Thailand,2002,2.77,2.77,2.55,2.31,1.84,2.48,2,2.63,3.78,2.22,3.8,2.98
44,United Kingdom,2002,2.93,3.08,2.58,2.6,2.05,2.61,2.12,3.15,2.46,3.04,3.73,2.65
1,United States,2002,4.1,2.92,3.17,2.99,2.66,3.89,3.08,4.06,2.83,3.21,4.52,4.52
54,Argentina,2001,1.97,1.37,1.22,1.42,2.24,,1.86,3.17,3.2,2.48,3.63,3.11
61,Australia,2001,3.17,2.72,2.3,2.47,2.11,,2.36,3.27,2.57,2.99,3.99,3.31
32,Belgium,2001,3.38,2.99,1.89,2.58,2.27,,3.24,3.72,2.43,3.12,4.19,2.82
55,Brazil,2001,2.34,2.38,1.77,2.72,1.95,,2.43,2.97,3.27,2.47,3.4,2.8
45,Denmark,2001,3.26,3.2,2.38,3.35,2.44,,2.47,3.47,2.97,2.67,3.82,3.2
358,Finland,2001,3.27,3.12,2.54,3.02,2.06,,3.05,3.21,2.86,2.82,4.32,2.98
33,France,2001,3.34,2.92,2.71,3.33,2.01,,2.83,3.23,2.37,2.61,4.16,2.68
49,Germany,2001,3.82,2.97,2.19,3.57,2.13,,2.77,3.23,3.13,2.77,4.22,2.91
36,Hungary,2001,2.42,2.49,2.09,2.2,2.34,,2.22,2.63,3.35,2.37,3.05,2.85
91,India,2001,3.18,2.42,2.14,2.26,1.95,,2.39,3.25,3.21,2.53,2.88,2.87
353,Ireland,2001,3.65,3.14,3.25,3.16,2.6,,2.69,3.49,2.45,2.93,3.04,3.3
972,Israel,2001,3.19,2.17,2.15,2.77,2.57,,2.87,3.51,2.43,2.51,3.82,3.06
39,Italy,2001,2.66,2.58,1.69,2.38,2.08,,2.06,2.4,2.42,2.67,3.58,3.05
81,Japan,2001,2.37,2.75,1.95,2.18,1.62,,2.19,1.94,3.64,2.23,3.31,2.57
52,Mexico,2001,2.31,2.68,1.61,2.12,2.15,,1.9,2.73,3.18,2.34,3.03,3.16
31,Netherlands,2001,3.75,3.1,2.52,2.7,2.59,,2.33,3.35,3.21,3.36,3.67,3.17
64,New Zealand,2001,3.27,2.76,2.76,2.43,1.9,,2.38,3.32,2.62,3.28,4.15,2.84
47,Norway,2001,3.11,2.33,1.97,2.83,2.01,,2.33,3.41,2.13,2.49,3.93,3.08
351,Portugal,2001,2.59,2.1,1.84,2.29,1.55,,2.34,2.81,2.37,2.51,3.24,2.75
65,Singapore,2001,3.63,3.31,3.54,3.41,2.79,,2.82,3.56,2.92,2.77,4.46,3.22
27,South Africa,2001,2.75,3.19,2.22,2.14,2.09,,2.07,2.71,2.56,2.22,3.16,2.62
82,South Korea,2001,2.98,2.81,2.14,2.46,1.94,,2.52,2.72,3.93,2.55,3.69,3.11
34,Spain,2001,2.49,2.49,2.49,2.37,2.31,,2.33,3.43,2.87,2.6,3.03,3.17
46,Sweden,2001,3.53,2.33,1.85,2.82,2.14,,2.54,3.39,2.69,3.04,3.9,2.81
44,United Kingdom,2001,3.48,3.22,3,3.04,2.41,,2.85,3.41,2.65,3.37,3.89,3.39
1,United States,2001,4.3,3.19,2.84,3.16,2.66,,3.08,3.89,3.08,3.44,4.33,3.98
54,Argentina,2000,1.96,1.58,1.32,1.64,2.03,1.71,3.16,2.67,2.31,3.41,2.26,
61,Australia,2000,3.43,2.43,2.6,2.81,2.21,2.45,3.19,3.61,2.61,3.76,2.64,
32,Belgium,2000,3.49,2.46,2.46,2.51,2.2,2.73,3.72,2.58,3.31,3.7,2.47,
55,Brazil,2000,2.42,2.24,1.41,2.48,1.94,2.38,3.02,3.08,2.49,3.3,2.34,
101,Canada,2000,3.5,2.96,2.79,2.92,2.91,3.09,3.82,2.47,3.36,4.46,2.86,
45,Denmark,2000,2.84,2.99,2.55,3.2,2.39,2.64,3.51,3.13,3.15,4.17,2.53,
358,Finland,2000,3.13,2.93,2.93,2.98,2.12,2.84,3.65,2.93,2.94,2.98,2.57,
33,France,2000,3.47,2.82,2.21,2.73,2.05,2.82,3.49,2.49,3.28,4.02,2.08,
49,Germany,2000,3.73,3.27,1.98,3.26,2.09,2.8,3.41,3.41,2.75,4.21,2.47,
91,India,2000,3.04,2.72,2.04,2.27,2.06,2.39,3.38,2.7,2.52,2.73,2.2,
353,Ireland,2000,3.47,3.84,3.22,3.64,2.77,3.25,3.93,2.74,3.28,3.39,3.2,
972,Israel,2000,3.61,2.55,2.31,2.84,2.66,3.19,3.93,2.2,2.78,3.25,3,
39,Italy,2000,2.39,2.98,2.2,2.53,2.27,2.23,3.15,2.14,2.43,3.09,2.67,
81,Japan,2000,2.44,2.82,1.97,2.21,1.52,2.24,2.01,3.95,2.47,2.91,1.91,
47,Norway,2000,3.09,2.01,2.4,3.2,2.08,2.17,3.51,2.32,2.76,3.98,2.14,
65,Singapore,2000,3.59,3.44,3.56,3.57,2.66,3.19,3.44,2.83,3.01,4.56,2.8,
82,South Korea,2000,2.91,2.63,2.56,2.6,1.98,2.59,2.4,3.71,2.51,3.47,2.67,
34,Spain,2000,3.03,2.81,2.38,2.64,2.41,2.59,3.25,2.49,2.56,3.64,2.59,
46,Sweden,2000,3.81,2.63,1.85,3.07,2.39,2.93,3.6,3.41,3.19,3.61,2.27,
44,United Kingdom,2000,3.29,3.18,3.19,3.11,2.21,2.88,3.73,2.79,3.34,3.94,2.93,
1,United States,2000,3.8,3.03,3.12,3.06,2.84,3.15,3.83,3.29,3.33,4.15,3.45,
